ID,Name,atkId_Bullet,sfxId_Bullet,sfxId_Hit,sfxId_Flick,life,dist,shootInterval,gravityInRange,gravityOutRange,hormingStopRange,initVellocity,accelInRange,accelOutRange,maxVellocity,minVellocity,accelTime,homingBeginDist,hitRadius,hitRadiusMax,spreadTime,expDelay,hormingOffsetRange,dmgHitRecordLifeTime,externalForce,spEffectIDForShooter,autoSearchNPCThinkID,HitBulletID,spEffectId0,spEffectId1,spEffectId2,spEffectId3,spEffectId4,numShoot,homingAngle,shootAngle,shootAngleInterval,shootAngleXInterval,damageDamp,spelDamageDamp,fireDamageDamp,thunderDamageDamp,staminaDamp,knockbackDamp,shootAngleXZ,lockShootLimitAng,pad2,prevVelocityDirRate,atkAttribute,spAttribute,Material_AttackType,Material_AttackMaterial,isPenetrateChr,isPenetrateObj,mayRemoteDetonate,pad,launchConditionType,FollowType,EmittePosType,isAttackSFX,isEndlessHit,isPenetrateMap,isHitBothTeam,isUseSharedHitList,isUseMultiDmyPolyIfPlace,isHitOtherBulletForceEraseA,isHitOtherBulletForceEraseB,isHitForceMagic,isIgnoreSfxIfHitWater,isIgnoreMoveStateIfHitWater,isHitDarkForceMagic,dmgCalcSide,isEnableAutoHoming,isSyncBulletCulcDumypolyPos,isOwnerOverrideInitAngle,isInheritSfxToChild,darkDamageDamp,bulletSfxDeleteType_byHit,bulletSfxDeleteType_byLifeDead,targetYOffsetRange,shootAngleYMaxRandom,shootAngleXMaxRandom,intervalCreateBulletId,intervalCreateTimeMin,intervalCreateTimeMax,predictionShootObserveTime,intervalCreateWaitTime,sfxPostureType,createLimitGroupId,pad5,isInheritSpeedToChild,isDisableHitSfx_byChrAndObj,isCheckWall_byCenterRay,isHitFlare,isUseBulletWallFilter,isDisableAiProjectileDodge,isNonDependenceMagicForFunnleNum,isAiInterruptShootNoDamageBullet,randomCreateRadius,followOffset_BaseHeight,assetNo_Hit,lifeRandomRange,homingAngleX,ballisticCalcType,attachEffectType,seId_Bullet1,seId_Bullet2,seId_Hit,seId_Flick,howitzerShootAngleXMin,howitzerShootAngleXMax,howitzerInitMinVelocity,howitzerInitMaxVelocity,sfxId_ForceErase,bulletSfxDeleteType_byForceErase,pad3,followDmypoly_forSfxPose,followOffset_Radius,spBulletDistUpRate,nolockTargetDist,pad4,
20000000,Arrow,5000300,5000001,5000002,5000003,3,30,0,0,6,0,140,5,-7,140,10,0,0,0.02,-1,0,0,0,0,0,0,0,-1,0,0,0,0,0,1,0,0,0,0,100,100,100,100,100,100,0,45,0,0,254,254,254,254,0,0,0,0,0,0,0,1,0,0,0,0,0,0,0,1,0,1,0,0,0,0,0,0,100,0,0,0,0,0,-1,0,0,0,0,0,0,0,0,0,0,0,0,0,0,0,0,0,-1,0,-1,0,0,-1,-1,-1,-1,0,0,0,0,-1,0,0,-1,0,1,0,[0|0|0|0|0|0|0|0]
20000011,Arrow [AOW] Mighty Shot,5000811,5000001,5000002,5000003,3,30,0,0,6,0,210,5,-7,210,10,0,0,0.02,-1,0,0,0,0,0,0,0,-1,0,0,0,0,0,1,0,0,0,0,100,100,100,100,100,100,0,25,0,0,254,254,254,254,0,0,0,0,0,0,0,1,0,0,0,0,0,0,0,1,0,1,0,0,0,0,0,0,100,0,0,0,0,0,-1,0,0,0,0,0,0,0,0,0,0,0,0,0,0,0,0,0,-1,0,-1,0,0,-1,-1,-1,-1,0,0,0,0,-1,0,0,-1,0,1,0,[0|0|0|0|0|0|0|0]
20000020,Arrow [AOW] Barrage,5000820,5000001,5000002,5000003,3,30,0,0,6,0,140,5,-7,140,10,0,0,0.02,-1,0,0,0,0,0,0,0,-1,0,0,0,0,0,1,0,0,0,0,100,100,100,100,100,100,0,45,0,0,254,254,254,254,0,0,0,0,0,0,0,1,0,0,0,0,0,0,0,1,0,1,0,0,0,0,0,0,100,0,0,0,0,0,-1,0,0,0,0,0,0,0,0,0,0,0,0,0,0,0,0,0,-1,0,-1,0,0,-1,-1,-1,-1,0,0,0,0,-1,0,0,-1,0,1,0,[0|0|0|0|0|0|0|0]
20000030,Arrow [AOW] Enchanted Shot,5000830,5000001,5000002,5000003,3,30,0,0,6,3,280,5,-7,280,10,0,0.5,0.02,-1,0,0,0,0,0,0,0,-1,0,0,0,0,0,1,160,0,0,0,100,100,100,100,100,100,0,45,0,0,254,254,254,254,0,0,0,0,0,0,0,1,0,0,0,0,0,0,0,1,0,1,0,0,0,0,0,0,100,0,0,0,0,0,-1,0,0,0,0,0,0,0,0,0,0,0,0,0,0,0,0,0,-1,0,-1,0,0,-1,-1,-1,-1,0,0,0,0,-1,0,0,-1,0,1,0,[0|0|0|0|0|0|0|0]
20000050,Arrow [AOW] Rain of Arrows,5000850,5000001,-1,-1,0.3,0,0,0,0,0,122.5,0,0,122.5,35,0,0,0.02,-1,0,0,0,0,0,0,0,-1,0,0,0,0,0,1,0,0,0,0,90,90,90,90,100,100,89,0,0,0,254,254,254,254,1,0,0,0,0,0,0,1,0,0,0,0,0,0,0,0,0,1,0,0,0,0,0,0,90,0,0,0,0,0,-1,0,0,0,0,0,0,0,0,0,0,0,0,0,0,0,0,0,-1,0,-1,0,0,-1,-1,-1,-1,0,0,0,0,-1,0,0,-1,0,1,0,[0|0|0|0|0|0|0|0]
20000051,Arrow [AOW] Rain of Arrows,5099999,-1,-1,-1,0.05,78,0,0,0,0,0,0,0,0,0,0,0,0.1,-1,0,0,0,0.1,0,0,0,20000052,0,0,0,0,0,1,0,0,0,0,0,0,0,0,0,0,0,0,0,0,254,254,254,254,1,1,0,0,0,0,6,0,0,1,0,1,0,0,0,0,0,1,0,0,0,0,0,0,0,0,0,0,0,0,-1,0,0,0,0,0,0,0,0,0,0,0,0,0,0,0,0,0,-1,0,-1,0,0,-1,-1,-1,-1,0,0,0,0,-1,0,0,-1,0,1,0,[0|0|0|0|0|0|0|0]
20000052,Arrow [AOW] Rain of Arrows,1,-1,-1,-1,0.85,20,0,0,0,0,15,5,0,20,15,0,0,0.25,1.5,0.12,0,0,0.1,0,0,0,20000053,0,0,0,0,0,6,0,0,0,0,0,0,0,0,0,0,90,0,0,0,254,254,254,254,1,1,0,0,0,0,0,0,0,0,0,1,0,0,0,0,0,1,0,0,0,0,0,0,0,0,0,0,0,0,-1,0,0,0,0,0,0,0,0,0,0,0,0,0,0,0,0,0,-1,0,-1,0,0,-1,-1,-1,-1,0,0,0,0,-1,0,0,-1,0,1,0,[0|0|0|0|0|0|0|0]
20000054,Arrow [AOW] Rain of Arrows,5000850,5000001,5000002,5000003,1.1,0,0,0,0,0.5,80,0,0,80,80,0,0,0.05,1,0.2,0,0,0.1,0,0,0,-1,0,0,0,0,0,1,10,0,0,0,90,90,90,90,100,100,-90,0,0,0,254,254,254,254,0,0,0,0,0,0,0,1,0,0,0,1,0,0,0,1,0,1,0,0,0,0,0,0,90,0,0,0,60,30,-1,0,0,0,0,0,0,0,0,0,0,0,0,0,0,0,0,0,-1,0,-1,0,0,-1,-1,-1,-1,0,0,0,0,-1,0,0,-1,0,1,0,[0|0|0|0|0|0|0|0]
20000070,Arrow [AOW] Through and Through,5000870,5000001,5000002,5000003,3,40,0,0,2.5,0,140,5,-5,140,10,0,0,0.02,-1,0,0,0,0,0,0,0,-1,0,0,0,0,0,1,0,0,0,0,90,90,90,90,100,100,0,45,0,0,254,254,254,254,1,0,0,0,0,0,0,1,0,0,0,0,0,0,0,1,0,1,0,0,0,0,0,0,90,0,0,0,0,0,-1,0,0,0,0,0,0,0,0,0,0,0,0,0,0,0,0,0,-1,0,-1,0,0,-1,-1,-1,-1,0,0,0,0,-1,0,0,-1,0,1,0,[0|0|0|0|0|0|0|0]
20000100,Fire Arrow,5001300,5001001,5001002,5001003,3,30,0,0,6,0,140,5,-7,140,10,0,0,0.02,-1,0,0,0,0,0,0,0,-1,0,0,0,0,0,1,0,0,0,0,100,100,100,100,100,100,0,45,0,0,254,254,254,254,0,0,0,0,0,0,0,1,0,0,0,0,0,0,0,1,0,1,0,0,0,0,0,0,100,0,0,0,0,0,-1,0,0,0,0,0,0,0,0,0,0,0,0,0,0,0,0,0,-1,0,-1,0,0,-1,-1,-1,-1,0,0,0,0,-1,0,0,-1,0,1,0,[0|0|0|0|0|0|0|0]
20000111,Fire Arrow [AOW] Mighty Shot,5001811,5001001,5001002,5001003,3,30,0,0,6,0,210,5,-7,210,10,0,0,0.02,-1,0,0,0,0,0,0,0,-1,0,0,0,0,0,1,0,0,0,0,100,100,100,100,100,100,0,25,0,0,254,254,254,254,0,0,0,0,0,0,0,1,0,0,0,0,0,0,0,1,0,1,0,0,0,0,0,0,100,0,0,0,0,0,-1,0,0,0,0,0,0,0,0,0,0,0,0,0,0,0,0,0,-1,0,-1,0,0,-1,-1,-1,-1,0,0,0,0,-1,0,0,-1,0,1,0,[0|0|0|0|0|0|0|0]
20000120,Fire Arrow [AOW] Barrage,5001820,5001001,5001002,5001003,3,30,0,0,6,0,140,5,-7,140,10,0,0,0.02,-1,0,0,0,0,0,0,0,-1,0,0,0,0,0,1,0,0,0,0,100,100,100,100,100,100,0,45,0,0,254,254,254,254,0,0,0,0,0,0,0,1,0,0,0,0,0,0,0,1,0,1,0,0,0,0,0,0,100,0,0,0,0,0,-1,0,0,0,0,0,0,0,0,0,0,0,0,0,0,0,0,0,-1,0,-1,0,0,-1,-1,-1,-1,0,0,0,0,-1,0,0,-1,0,1,0,[0|0|0|0|0|0|0|0]
20000130,Fire Arrow [AOW] Enchanted Shot,5001830,5001001,5001002,5001003,3,30,0,0,6,3,280,5,-7,280,10,0,0.5,0.02,-1,0,0,0,0,0,0,0,-1,0,0,0,0,0,1,160,0,0,0,100,100,100,100,100,100,0,45,0,0,254,254,254,254,0,0,0,0,0,0,0,1,0,0,0,0,0,0,0,1,0,1,0,0,0,0,0,0,100,0,0,0,0,0,-1,0,0,0,0,0,0,0,0,0,0,0,0,0,0,0,0,0,-1,0,-1,0,0,-1,-1,-1,-1,0,0,0,0,-1,0,0,-1,0,1,0,[0|0|0|0|0|0|0|0]
20000150,Fire Arrow [AOW] Rain of Arrows,5001850,5001001,-1,-1,0.3,0,0,0,0,0,122.5,0,0,122.5,35,0,0,0.02,-1,0,0,0,0,0,0,0,-1,0,0,0,0,0,1,0,0,0,0,90,90,90,90,100,100,89,0,0,0,254,254,254,254,1,0,0,0,0,0,0,1,0,0,0,0,0,0,0,0,0,1,0,0,0,0,0,0,90,0,0,0,0,0,-1,0,0,0,0,0,0,0,0,0,0,0,0,0,0,0,0,0,-1,0,-1,0,0,-1,-1,-1,-1,0,0,0,0,-1,0,0,-1,0,1,0,[0|0|0|0|0|0|0|0]
20000151,Fire Arrow [AOW] Rain of Arrows,5099999,-1,-1,-1,0.05,78,0,0,0,0,0,0,0,0,0,0,0,0.1,-1,0,0,0,0.1,0,0,0,20000152,0,0,0,0,0,1,0,0,0,0,0,0,0,0,0,0,0,0,0,0,254,254,254,254,1,1,0,0,0,0,6,0,0,1,0,1,0,0,0,0,0,1,0,0,0,0,0,0,0,0,0,0,0,0,-1,0,0,0,0,0,0,0,0,0,0,0,0,0,0,0,0,0,-1,0,-1,0,0,-1,-1,-1,-1,0,0,0,0,-1,0,0,-1,0,1,0,[0|0|0|0|0|0|0|0]
20000152,Fire Arrow [AOW] Rain of Arrows,1,-1,-1,-1,0.85,20,0,0,0,0,15,5,0,20,15,0,0,0.25,1.5,0.12,0,0,0.1,0,0,0,20000153,0,0,0,0,0,6,0,0,0,0,0,0,0,0,0,0,90,0,0,0,254,254,254,254,1,1,0,0,0,0,0,0,0,0,0,1,0,0,0,0,0,1,0,0,0,0,0,0,0,0,0,0,0,0,-1,0,0,0,0,0,0,0,0,0,0,0,0,0,0,0,0,0,-1,0,-1,0,0,-1,-1,-1,-1,0,0,0,0,-1,0,0,-1,0,1,0,[0|0|0|0|0|0|0|0]
20000154,Fire Arrow [AOW] Rain of Arrows,5001850,5001001,5001002,5001003,1.1,0,0,0,0,0.5,80,0,0,80,80,0,0,0.05,1,0.2,0,0,0.1,0,0,0,-1,0,0,0,0,0,1,10,0,0,0,90,90,90,90,100,100,-90,0,0,0,254,254,254,254,0,0,0,0,0,0,0,1,0,0,0,1,0,0,0,1,0,1,0,0,0,0,0,0,90,0,0,0,60,30,-1,0,0,0,0,0,0,0,0,0,0,0,0,0,0,0,0,0,-1,0,-1,0,0,-1,-1,-1,-1,0,0,0,0,-1,0,0,-1,0,1,0,[0|0|0|0|0|0|0|0]
20000170,Fire Arrow [AOW] Through and Through,5002870,5001001,5001002,5001003,3,40,0,0,2.5,0,140,5,-5,140,10,0,0,0.02,-1,0,0,0,0,0,0,0,-1,0,0,0,0,0,1,0,0,0,0,90,90,90,90,100,100,0,45,0,0,254,254,254,254,1,0,0,0,0,0,0,1,0,0,0,0,0,0,0,1,0,1,0,0,0,0,0,0,90,0,0,0,0,0,-1,0,0,0,0,0,0,0,0,0,0,0,0,0,0,0,0,0,-1,0,-1,0,0,-1,-1,-1,-1,0,0,0,0,-1,0,0,-1,0,1,0,[0|0|0|0|0|0|0|0]
20000200,Serpent Arrow,5002300,5002001,5002002,5002003,3,30,0,0,6,0,140,5,-7,140,10,0,0,0.02,-1,0,0,0,0,0,0,0,-1,0,0,0,0,0,1,0,0,0,0,100,100,100,100,100,100,0,45,0,0,254,254,254,254,0,0,0,0,0,0,0,1,0,0,0,0,0,0,0,1,0,1,0,0,0,0,0,0,100,0,0,0,0,0,-1,0,0,0,0,0,0,0,0,0,0,0,0,0,0,0,0,0,-1,0,-1,0,0,-1,-1,-1,-1,0,0,0,0,-1,0,0,-1,0,1,0,[0|0|0|0|0|0|0|0]
20000211,Serpent Arrow [AOW] Mighty Shot,5002811,5002001,5002002,5002003,3,30,0,0,6,0,210,5,-7,210,10,0,0,0.02,-1,0,0,0,0,0,0,0,-1,0,0,0,0,0,1,0,0,0,0,100,100,100,100,100,100,0,25,0,0,254,254,254,254,0,0,0,0,0,0,0,1,0,0,0,0,0,0,0,1,0,1,0,0,0,0,0,0,100,0,0,0,0,0,-1,0,0,0,0,0,0,0,0,0,0,0,0,0,0,0,0,0,-1,0,-1,0,0,-1,-1,-1,-1,0,0,0,0,-1,0,0,-1,0,1,0,[0|0|0|0|0|0|0|0]
20000220,Serpent Arrow [AOW] Barrage,5002820,5002001,5002002,5002003,3,30,0,0,6,0,140,5,-7,140,10,0,0,0.02,-1,0,0,0,0,0,0,0,-1,0,0,0,0,0,1,0,0,0,0,100,100,100,100,100,100,0,45,0,0,254,254,254,254,0,0,0,0,0,0,0,1,0,0,0,0,0,0,0,1,0,1,0,0,0,0,0,0,100,0,0,0,0,0,-1,0,0,0,0,0,0,0,0,0,0,0,0,0,0,0,0,0,-1,0,-1,0,0,-1,-1,-1,-1,0,0,0,0,-1,0,0,-1,0,1,0,[0|0|0|0|0|0|0|0]
20000230,Serpent Arrow [AOW] Enchanted Shot,5002830,5002001,5002002,5002003,3,30,0,0,6,3,280,5,-7,280,10,0,0.5,0.02,-1,0,0,0,0,0,0,0,-1,0,0,0,0,0,1,160,0,0,0,100,100,100,100,100,100,0,45,0,0,254,254,254,254,0,0,0,0,0,0,0,1,0,0,0,0,0,0,0,1,0,1,0,0,0,0,0,0,100,0,0,0,0,0,-1,0,0,0,0,0,0,0,0,0,0,0,0,0,0,0,0,0,-1,0,-1,0,0,-1,-1,-1,-1,0,0,0,0,-1,0,0,-1,0,1,0,[0|0|0|0|0|0|0|0]
20000250,Serpent Arrow [AOW] Rain of Arrows,5002850,5002001,-1,-1,0.3,0,0,0,0,0,122.5,0,0,122.5,35,0,0,0.02,-1,0,0,0,0,0,0,0,-1,0,0,0,0,0,1,0,0,0,0,90,90,90,90,100,100,89,0,0,0,254,254,254,254,1,0,0,0,0,0,0,1,0,0,0,0,0,0,0,0,0,1,0,0,0,0,0,0,90,0,0,0,0,0,-1,0,0,0,0,0,0,0,0,0,0,0,0,0,0,0,0,0,-1,0,-1,0,0,-1,-1,-1,-1,0,0,0,0,-1,0,0,-1,0,1,0,[0|0|0|0|0|0|0|0]
20000251,Serpent Arrow [AOW] Rain of Arrows,5099999,-1,-1,-1,0.05,78,0,0,0,0,0,0,0,0,0,0,0,0.1,-1,0,0,0,0.1,0,0,0,20000252,0,0,0,0,0,1,0,0,0,0,0,0,0,0,0,0,0,0,0,0,254,254,254,254,1,1,0,0,0,0,6,0,0,1,0,1,0,0,0,0,0,1,0,0,0,0,0,0,0,0,0,0,0,0,-1,0,0,0,0,0,0,0,0,0,0,0,0,0,0,0,0,0,-1,0,-1,0,0,-1,-1,-1,-1,0,0,0,0,-1,0,0,-1,0,1,0,[0|0|0|0|0|0|0|0]
20000252,Serpent Arrow [AOW] Rain of Arrows,1,-1,-1,-1,0.85,20,0,0,0,0,15,5,0,20,15,0,0,0.25,1.5,0.12,0,0,0.1,0,0,0,20000253,0,0,0,0,0,6,0,0,0,0,0,0,0,0,0,0,90,0,0,0,254,254,254,254,1,1,0,0,0,0,0,0,0,0,0,1,0,0,0,0,0,1,0,0,0,0,0,0,0,0,0,0,0,0,-1,0,0,0,0,0,0,0,0,0,0,0,0,0,0,0,0,0,-1,0,-1,0,0,-1,-1,-1,-1,0,0,0,0,-1,0,0,-1,0,1,0,[0|0|0|0|0|0|0|0]
20000254,Serpent Arrow [AOW] Rain of Arrows,5002850,5002001,5002002,5002003,1.1,0,0,0,0,0.5,80,0,0,80,80,0,0,0.05,1,0.2,0,0,0.1,0,0,0,-1,0,0,0,0,0,1,10,0,0,0,90,90,90,90,100,100,-90,0,0,0,254,254,254,254,0,0,0,0,0,0,0,1,0,0,0,1,0,0,0,1,0,1,0,0,0,0,0,0,90,0,0,0,60,30,-1,0,0,0,0,0,0,0,0,0,0,0,0,0,0,0,0,0,-1,0,-1,0,0,-1,-1,-1,-1,0,0,0,0,-1,0,0,-1,0,1,0,[0|0|0|0|0|0|0|0]
20000270,Serpent Arrow [AOW] Through and Through,5002870,5002001,5002002,5002003,3,40,0,0,2.5,0,140,5,-5,140,10,0,0,0.02,-1,0,0,0,0,0,0,0,-1,0,0,0,0,0,1,0,0,0,0,90,90,90,90,100,100,0,45,0,0,254,254,254,254,1,0,0,0,0,0,0,1,0,0,0,0,0,0,0,1,0,1,0,0,0,0,0,0,90,0,0,0,0,0,-1,0,0,0,0,0,0,0,0,0,0,0,0,0,0,0,0,0,-1,0,-1,0,0,-1,-1,-1,-1,0,0,0,0,-1,0,0,-1,0,1,0,[0|0|0|0|0|0|0|0]
20000300,Bone Arrow (Fletched),5003300,5003001,5003002,5003003,3,30,0,0,6,0,140,5,-7,140,10,0,0,0.02,-1,0,0,0,0,0,0,0,-1,0,0,0,0,0,1,0,0,0,0,100,100,100,100,100,100,0,45,0,0,254,254,254,254,0,0,0,0,0,0,0,1,0,0,0,0,0,0,0,1,0,1,0,0,0,0,0,0,100,0,0,0,0,0,-1,0,0,0,0,0,0,0,0,0,0,0,0,0,0,0,0,0,-1,0,-1,0,0,-1,-1,-1,-1,0,0,0,0,-1,0,0,-1,0,1,0,[0|0|0|0|0|0|0|0]
20000311,Bone Arrow (Fletched) [AOW] Mighty Shot,5003811,5003001,5003002,5003003,3,30,0,0,6,0,210,5,-7,210,10,0,0,0.02,-1,0,0,0,0,0,0,0,-1,0,0,0,0,0,1,0,0,0,0,100,100,100,100,100,100,0,25,0,0,254,254,254,254,0,0,0,0,0,0,0,1,0,0,0,0,0,0,0,1,0,1,0,0,0,0,0,0,100,0,0,0,0,0,-1,0,0,0,0,0,0,0,0,0,0,0,0,0,0,0,0,0,-1,0,-1,0,0,-1,-1,-1,-1,0,0,0,0,-1,0,0,-1,0,1,0,[0|0|0|0|0|0|0|0]
20000320,Bone Arrow (Fletched) [AOW] Barrage,5003820,5003001,5003002,5003003,3,30,0,0,6,0,140,5,-7,140,10,0,0,0.02,-1,0,0,0,0,0,0,0,-1,0,0,0,0,0,1,0,0,0,0,100,100,100,100,100,100,0,45,0,0,254,254,254,254,0,0,0,0,0,0,0,1,0,0,0,0,0,0,0,1,0,1,0,0,0,0,0,0,100,0,0,0,0,0,-1,0,0,0,0,0,0,0,0,0,0,0,0,0,0,0,0,0,-1,0,-1,0,0,-1,-1,-1,-1,0,0,0,0,-1,0,0,-1,0,1,0,[0|0|0|0|0|0|0|0]
20000330,Bone Arrow (Fletched) [AOW] Enchanted Shot,5003830,5003001,5003002,5003003,3,30,0,0,6,3,280,5,-7,280,10,0,0.5,0.02,-1,0,0,0,0,0,0,0,-1,0,0,0,0,0,1,160,0,0,0,100,100,100,100,100,100,0,45,0,0,254,254,254,254,0,0,0,0,0,0,0,1,0,0,0,0,0,0,0,1,0,1,0,0,0,0,0,0,100,0,0,0,0,0,-1,0,0,0,0,0,0,0,0,0,0,0,0,0,0,0,0,0,-1,0,-1,0,0,-1,-1,-1,-1,0,0,0,0,-1,0,0,-1,0,1,0,[0|0|0|0|0|0|0|0]
20000350,Bone Arrow (Fletched) [AOW] Rain of Arrows,5003850,5003001,-1,-1,0.3,0,0,0,0,0,122.5,0,0,122.5,35,0,0,0.02,-1,0,0,0,0,0,0,0,-1,0,0,0,0,0,1,0,0,0,0,90,90,90,90,100,100,89,0,0,0,254,254,254,254,1,0,0,0,0,0,0,1,0,0,0,0,0,0,0,0,0,1,0,0,0,0,0,0,90,0,0,0,0,0,-1,0,0,0,0,0,0,0,0,0,0,0,0,0,0,0,0,0,-1,0,-1,0,0,-1,-1,-1,-1,0,0,0,0,-1,0,0,-1,0,1,0,[0|0|0|0|0|0|0|0]
20000351,Bone Arrow (Fletched) [AOW] Rain of Arrows,5099999,-1,-1,-1,0.05,78,0,0,0,0,0,0,0,0,0,0,0,0.1,-1,0,0,0,0.1,0,0,0,20000352,0,0,0,0,0,1,0,0,0,0,0,0,0,0,0,0,0,0,0,0,254,254,254,254,1,1,0,0,0,0,6,0,0,1,0,1,0,0,0,0,0,1,0,0,0,0,0,0,0,0,0,0,0,0,-1,0,0,0,0,0,0,0,0,0,0,0,0,0,0,0,0,0,-1,0,-1,0,0,-1,-1,-1,-1,0,0,0,0,-1,0,0,-1,0,1,0,[0|0|0|0|0|0|0|0]
20000352,Bone Arrow (Fletched) [AOW] Rain of Arrows,1,-1,-1,-1,0.85,20,0,0,0,0,15,5,0,20,15,0,0,0.25,1.5,0.12,0,0,0.1,0,0,0,20000353,0,0,0,0,0,6,0,0,0,0,0,0,0,0,0,0,90,0,0,0,254,254,254,254,1,1,0,0,0,0,0,0,0,0,0,1,0,0,0,0,0,1,0,0,0,0,0,0,0,0,0,0,0,0,-1,0,0,0,0,0,0,0,0,0,0,0,0,0,0,0,0,0,-1,0,-1,0,0,-1,-1,-1,-1,0,0,0,0,-1,0,0,-1,0,1,0,[0|0|0|0|0|0|0|0]
20000354,Bone Arrow (Fletched) [AOW] Rain of Arrows,5003850,5003001,5003002,5003003,1.1,0,0,0,0,0.5,80,0,0,80,80,0,0,0.05,1,0.2,0,0,0.1,0,0,0,-1,0,0,0,0,0,1,10,0,0,0,90,90,90,90,100,100,-90,0,0,0,254,254,254,254,0,0,0,0,0,0,0,1,0,0,0,1,0,0,0,1,0,1,0,0,0,0,0,0,90,0,0,0,60,30,-1,0,0,0,0,0,0,0,0,0,0,0,0,0,0,0,0,0,-1,0,-1,0,0,-1,-1,-1,-1,0,0,0,0,-1,0,0,-1,0,1,0,[0|0|0|0|0|0|0|0]
20000370,Bone Arrow (Fletched) [AOW] Through and Through,5003870,5003001,5003002,5003003,3,50,0,0,2.5,0,140,5,-5,140,10,0,0,0.02,-1,0,0,0,0,0,0,0,-1,0,0,0,0,0,1,0,0,0,0,90,90,90,90,100,100,0,45,0,0,254,254,254,254,1,0,0,0,0,0,0,1,0,0,0,0,0,0,0,1,0,1,0,0,0,0,0,0,90,0,0,0,0,0,-1,0,0,0,0,0,0,0,0,0,0,0,0,0,0,0,0,0,-1,0,-1,0,0,-1,-1,-1,-1,0,0,0,0,-1,0,0,-1,0,1,0,[0|0|0|0|0|0|0|0]
20000400,St. Trina's Arrow,5004300,5004001,5004002,5004003,3,30,0,0,6,0,140,5,-7,140,10,0,0,0.02,-1,0,0,0,0,0,0,0,-1,0,0,0,0,0,1,0,0,0,0,100,100,100,100,100,100,0,45,0,0,254,254,254,254,0,0,0,0,0,0,0,1,0,0,0,0,0,0,0,1,0,1,0,0,0,0,0,0,100,0,0,0,0,0,-1,0,0,0,0,0,0,0,0,0,0,0,0,0,0,0,0,0,-1,0,-1,0,0,-1,-1,-1,-1,0,0,0,0,-1,0,0,-1,0,1,0,[0|0|0|0|0|0|0|0]
20000411,St. Trina's Arrow [AOW] Mighty Shot,5004811,5004001,5004002,5004003,3,30,0,0,6,0,210,5,-7,210,10,0,0,0.02,-1,0,0,0,0,0,0,0,-1,0,0,0,0,0,1,0,0,0,0,100,100,100,100,100,100,0,25,0,0,254,254,254,254,0,0,0,0,0,0,0,1,0,0,0,0,0,0,0,1,0,1,0,0,0,0,0,0,100,0,0,0,0,0,-1,0,0,0,0,0,0,0,0,0,0,0,0,0,0,0,0,0,-1,0,-1,0,0,-1,-1,-1,-1,0,0,0,0,-1,0,0,-1,0,1,0,[0|0|0|0|0|0|0|0]
20000420,St. Trina's Arrow [AOW] Barrage,5004820,5004001,5004002,5004003,3,30,0,0,6,0,140,5,-7,140,10,0,0,0.02,-1,0,0,0,0,0,0,0,-1,0,0,0,0,0,1,0,0,0,0,100,100,100,100,100,100,0,45,0,0,254,254,254,254,0,0,0,0,0,0,0,1,0,0,0,0,0,0,0,1,0,1,0,0,0,0,0,0,100,0,0,0,0,0,-1,0,0,0,0,0,0,0,0,0,0,0,0,0,0,0,0,0,-1,0,-1,0,0,-1,-1,-1,-1,0,0,0,0,-1,0,0,-1,0,1,0,[0|0|0|0|0|0|0|0]
20000430,St. Trina's Arrow [AOW] Enchanted Shot,5004830,5004001,5004002,5004003,3,30,0,0,6,3,280,5,-7,280,10,0,0.5,0.02,-1,0,0,0,0,0,0,0,-1,0,0,0,0,0,1,160,0,0,0,100,100,100,100,100,100,0,45,0,0,254,254,254,254,0,0,0,0,0,0,0,1,0,0,0,0,0,0,0,1,0,1,0,0,0,0,0,0,100,0,0,0,0,0,-1,0,0,0,0,0,0,0,0,0,0,0,0,0,0,0,0,0,-1,0,-1,0,0,-1,-1,-1,-1,0,0,0,0,-1,0,0,-1,0,1,0,[0|0|0|0|0|0|0|0]
20000450,St. Trina's Arrow [AOW] Rain of Arrows,5004850,5004001,-1,-1,0.3,0,0,0,0,0,122.5,0,0,122.5,35,0,0,0.02,-1,0,0,0,0,0,0,0,-1,0,0,0,0,0,1,0,0,0,0,90,90,90,90,100,100,89,0,0,0,254,254,254,254,1,0,0,0,0,0,0,1,0,0,0,0,0,0,0,0,0,1,0,0,0,0,0,0,90,0,0,0,0,0,-1,0,0,0,0,0,0,0,0,0,0,0,0,0,0,0,0,0,-1,0,-1,0,0,-1,-1,-1,-1,0,0,0,0,-1,0,0,-1,0,1,0,[0|0|0|0|0|0|0|0]
20000451,St. Trina's Arrow [AOW] Rain of Arrows,5099999,-1,-1,-1,0.05,78,0,0,0,0,0,0,0,0,0,0,0,0.1,-1,0,0,0,0.1,0,0,0,20000452,0,0,0,0,0,1,0,0,0,0,0,0,0,0,0,0,0,0,0,0,254,254,254,254,1,1,0,0,0,0,6,0,0,1,0,1,0,0,0,0,0,1,0,0,0,0,0,0,0,0,0,0,0,0,-1,0,0,0,0,0,0,0,0,0,0,0,0,0,0,0,0,0,-1,0,-1,0,0,-1,-1,-1,-1,0,0,0,0,-1,0,0,-1,0,1,0,[0|0|0|0|0|0|0|0]
20000452,St. Trina's Arrow [AOW] Rain of Arrows,1,-1,-1,-1,0.85,20,0,0,0,0,15,5,0,20,15,0,0,0.25,1.5,0.12,0,0,0.1,0,0,0,20000453,0,0,0,0,0,6,0,0,0,0,0,0,0,0,0,0,90,0,0,0,254,254,254,254,1,1,0,0,0,0,0,0,0,0,0,1,0,0,0,0,0,1,0,0,0,0,0,0,0,0,0,0,0,0,-1,0,0,0,0,0,0,0,0,0,0,0,0,0,0,0,0,0,-1,0,-1,0,0,-1,-1,-1,-1,0,0,0,0,-1,0,0,-1,0,1,0,[0|0|0|0|0|0|0|0]
20000454,St. Trina's Arrow [AOW] Rain of Arrows,5004850,5004001,5004002,5004003,1.1,0,0,0,0,0.5,80,0,0,80,80,0,0,0.05,1,0.2,0,0,0.1,0,0,0,-1,0,0,0,0,0,1,10,0,0,0,90,90,90,90,100,100,-90,0,0,0,254,254,254,254,0,0,0,0,0,0,0,1,0,0,0,1,0,0,0,0,0,1,0,0,0,0,0,0,90,0,0,0,60,30,-1,0,0,0,0,0,0,0,0,0,0,0,0,0,0,0,0,0,-1,0,-1,0,0,-1,-1,-1,-1,0,0,0,0,-1,0,0,-1,0,1,0,[0|0|0|0|0|0|0|0]
20000470,St. Trina's Arrow [AOW] Through and Through,5004870,5004001,5004002,5004003,3,40,0,0,2.5,0,140,5,-5,140,10,0,0,0.02,-1,0,0,0,0,0,0,0,-1,0,0,0,0,0,1,0,0,0,0,90,90,90,90,100,100,0,45,0,0,254,254,254,254,1,0,0,0,0,0,0,1,0,0,0,0,0,0,0,1,0,1,0,0,0,0,0,0,90,0,0,0,0,0,-1,0,0,0,0,0,0,0,0,0,0,0,0,0,0,0,0,0,-1,0,-1,0,0,-1,-1,-1,-1,0,0,0,0,-1,0,0,-1,0,1,0,[0|0|0|0|0|0|0|0]
20000500,Shattershard Arrow (Fletched),5006300,5006001,5006002,5006003,3,30,0,0,6,0,140,5,-7,140,10,0,0,0.02,-1,0,0,0,0,0,0,0,-1,0,0,0,0,0,1,0,0,0,0,100,100,100,100,100,100,0,45,0,0,254,254,254,254,0,0,0,0,0,0,0,1,0,0,0,0,0,0,0,1,0,1,0,0,0,0,0,0,100,0,0,0,0,0,-1,0,0,0,0,0,0,0,0,0,0,0,0,0,0,0,0,0,-1,0,-1,0,0,-1,-1,-1,-1,0,0,0,0,-1,0,0,-1,0,1,0,[0|0|0|0|0|0|0|0]
20000511,Shattershard Arrow (Fletched) [AOW] Mighty Shot,5006811,5006001,5006002,5006003,3,30,0,0,6,0,210,5,-7,210,10,0,0,0.02,-1,0,0,0,0,0,0,0,-1,0,0,0,0,0,1,0,0,0,0,100,100,100,100,100,100,0,25,0,0,254,254,254,254,0,0,0,0,0,0,0,1,0,0,0,0,0,0,0,1,0,1,0,0,0,0,0,0,100,0,0,0,0,0,-1,0,0,0,0,0,0,0,0,0,0,0,0,0,0,0,0,0,-1,0,-1,0,0,-1,-1,-1,-1,0,0,0,0,-1,0,0,-1,0,1,0,[0|0|0|0|0|0|0|0]
20000520,Shattershard Arrow (Fletched) [AOW] Barrage,5006820,5006001,5006002,5006003,3,30,0,0,6,0,140,5,-7,140,10,0,0,0.02,-1,0,0,0,0,0,0,0,-1,0,0,0,0,0,1,0,0,0,0,100,100,100,100,100,100,0,45,0,0,254,254,254,254,0,0,0,0,0,0,0,1,0,0,0,0,0,0,0,1,0,1,0,0,0,0,0,0,100,0,0,0,0,0,-1,0,0,0,0,0,0,0,0,0,0,0,0,0,0,0,0,0,-1,0,-1,0,0,-1,-1,-1,-1,0,0,0,0,-1,0,0,-1,0,1,0,[0|0|0|0|0|0|0|0]
20000530,Shattershard Arrow (Fletched) [AOW] Enchanted Shot,5006830,5006001,5006002,5006003,3,30,0,0,6,3,280,5,-7,280,10,0,0.5,0.02,-1,0,0,0,0,0,0,0,-1,0,0,0,0,0,1,160,0,0,0,100,100,100,100,100,100,0,45,0,0,254,254,254,254,0,0,0,0,0,0,0,1,0,0,0,0,0,0,0,1,0,1,0,0,0,0,0,0,100,0,0,0,0,0,-1,0,0,0,0,0,0,0,0,0,0,0,0,0,0,0,0,0,-1,0,-1,0,0,-1,-1,-1,-1,0,0,0,0,-1,0,0,-1,0,1,0,[0|0|0|0|0|0|0|0]
20000550,Shattershard Arrow (Fletched) [AOW] Rain of Arrows,5006850,5006001,-1,-1,0.3,0,0,0,0,0,122.5,0,0,122.5,35,0,0,0.02,-1,0,0,0,0,0,0,0,-1,0,0,0,0,0,1,0,0,0,0,90,90,90,90,100,100,89,0,0,0,254,254,254,254,1,0,0,0,0,0,0,1,0,0,0,0,0,0,0,0,0,1,0,0,0,0,0,0,90,0,0,0,0,0,-1,0,0,0,0,0,0,0,0,0,0,0,0,0,0,0,0,0,-1,0,-1,0,0,-1,-1,-1,-1,0,0,0,0,-1,0,0,-1,0,1,0,[0|0|0|0|0|0|0|0]
20000551,Shattershard Arrow (Fletched) [AOW] Rain of Arrows,5099999,-1,-1,-1,0.05,78,0,0,0,0,0,0,0,0,0,0,0,0.1,-1,0,0,0,0.1,0,0,0,20000552,0,0,0,0,0,1,0,0,0,0,0,0,0,0,0,0,0,0,0,0,254,254,254,254,1,1,0,0,0,0,6,0,0,1,0,1,0,0,0,0,0,1,0,0,0,0,0,0,0,0,0,0,0,0,-1,0,0,0,0,0,0,0,0,0,0,0,0,0,0,0,0,0,-1,0,-1,0,0,-1,-1,-1,-1,0,0,0,0,-1,0,0,-1,0,1,0,[0|0|0|0|0|0|0|0]
20000552,Shattershard Arrow (Fletched) [AOW] Rain of Arrows,1,-1,-1,-1,0.85,20,0,0,0,0,15,5,0,20,15,0,0,0.25,1.5,0.12,0,0,0.1,0,0,0,20000553,0,0,0,0,0,6,0,0,0,0,0,0,0,0,0,0,90,0,0,0,254,254,254,254,1,1,0,0,0,0,0,0,0,0,0,1,0,0,0,0,0,1,0,0,0,0,0,0,0,0,0,0,0,0,-1,0,0,0,0,0,0,0,0,0,0,0,0,0,0,0,0,0,-1,0,-1,0,0,-1,-1,-1,-1,0,0,0,0,-1,0,0,-1,0,1,0,[0|0|0|0|0|0|0|0]
20000554,Shattershard Arrow (Fletched) [AOW] Rain of Arrows,5006850,5006001,5006002,5006003,1.1,0,0,0,0,0.5,80,0,0,80,80,0,0,0.05,1,0.2,0,0,0.1,0,0,0,-1,0,0,0,0,0,1,10,0,0,0,90,90,90,90,100,100,-90,0,0,0,254,254,254,254,0,0,0,0,0,0,0,1,0,0,0,1,0,0,0,1,0,1,0,0,0,0,0,0,90,0,0,0,60,30,-1,0,0,0,0,0,0,0,0,0,0,0,0,0,0,0,0,0,-1,0,-1,0,0,-1,-1,-1,-1,0,0,0,0,-1,0,0,-1,0,1,0,[0|0|0|0|0|0|0|0]
20000570,Shattershard Arrow (Fletched) [AOW] Through and Through,5006870,5006001,5006002,5006003,3,40,0,0,2.5,0,140,5,-5,140,10,0,0,0.02,-1,0,0,0,0,0,0,0,-1,0,0,0,0,0,1,0,0,0,0,90,90,90,90,100,100,0,45,0,0,254,254,254,254,1,0,0,0,0,0,0,1,0,0,0,0,0,0,0,1,0,1,0,0,0,0,0,0,90,0,0,0,0,0,-1,0,0,0,0,0,0,0,0,0,0,0,0,0,0,0,0,0,-1,0,-1,0,0,-1,-1,-1,-1,0,0,0,0,-1,0,0,-1,0,1,0,[0|0|0|0|0|0|0|0]
20000600,Rainbow Stone Arrow (Fletched),5008300,5008001,5008002,5008003,3,30,0,0,6,0,140,5,-7,140,10,0,0,0.02,-1,0,0,0,0,0,0,0,-1,0,0,0,0,0,1,0,0,0,0,100,100,100,100,100,100,0,45,0,0,254,254,254,254,0,0,0,0,0,0,0,1,0,0,0,0,0,0,0,1,0,1,0,0,0,0,0,0,100,0,0,0,0,0,-1,0,0,0,0,0,0,0,0,0,0,0,0,0,0,0,0,0,-1,0,-1,0,0,-1,-1,-1,-1,0,0,0,0,-1,0,0,-1,0,1,0,[0|0|0|0|0|0|0|0]
20000611,Rainbow Stone Arrow (Fletched) [AOW] Mighty Shot,5008811,5008001,5008002,5008003,3,30,0,0,6,0,210,5,-7,210,10,0,0,0.02,-1,0,0,0,0,0,0,0,-1,0,0,0,0,0,1,0,0,0,0,100,100,100,100,100,100,0,25,0,0,254,254,254,254,0,0,0,0,0,0,0,1,0,0,0,0,0,0,0,1,0,1,0,0,0,0,0,0,100,0,0,0,0,0,-1,0,0,0,0,0,0,0,0,0,0,0,0,0,0,0,0,0,-1,0,-1,0,0,-1,-1,-1,-1,0,0,0,0,-1,0,0,-1,0,1,0,[0|0|0|0|0|0|0|0]
20000620,Rainbow Stone Arrow (Fletched) [AOW] Barrage,5008820,5008001,5008002,5008003,3,30,0,0,6,0,140,5,-7,140,10,0,0,0.02,-1,0,0,0,0,0,0,0,-1,0,0,0,0,0,1,0,0,0,0,100,100,100,100,100,100,0,45,0,0,254,254,254,254,0,0,0,0,0,0,0,1,0,0,0,0,0,0,0,1,0,1,0,0,0,0,0,0,100,0,0,0,0,0,-1,0,0,0,0,0,0,0,0,0,0,0,0,0,0,0,0,0,-1,0,-1,0,0,-1,-1,-1,-1,0,0,0,0,-1,0,0,-1,0,1,0,[0|0|0|0|0|0|0|0]
20000630,Rainbow Stone Arrow (Fletched) [AOW] Enchanted Shot,5008830,5008001,5008002,5008003,3,30,0,0,6,3,280,5,-7,280,10,0,0.5,0.02,-1,0,0,0,0,0,0,0,-1,0,0,0,0,0,1,160,0,0,0,100,100,100,100,100,100,0,45,0,0,254,254,254,254,0,0,0,0,0,0,0,1,0,0,0,0,0,0,0,1,0,1,0,0,0,0,0,0,100,0,0,0,0,0,-1,0,0,0,0,0,0,0,0,0,0,0,0,0,0,0,0,0,-1,0,-1,0,0,-1,-1,-1,-1,0,0,0,0,-1,0,0,-1,0,1,0,[0|0|0|0|0|0|0|0]
20000650,Rainbow Stone Arrow (Fletched) [AOW] Rain of Arrows,5008850,5008001,-1,-1,0.3,0,0,0,0,0,122.5,0,0,122.5,35,0,0,0.02,-1,0,0,0,0,0,0,0,-1,0,0,0,0,0,1,0,0,0,0,90,90,90,90,100,100,89,0,0,0,254,254,254,254,1,0,0,0,0,0,0,1,0,0,0,0,0,0,0,0,0,1,0,0,0,0,0,0,90,0,0,0,0,0,-1,0,0,0,0,0,0,0,0,0,0,0,0,0,0,0,0,0,-1,0,-1,0,0,-1,-1,-1,-1,0,0,0,0,-1,0,0,-1,0,1,0,[0|0|0|0|0|0|0|0]
20000651,Rainbow Stone Arrow (Fletched) [AOW] Rain of Arrows,5099999,-1,-1,-1,0.05,78,0,0,0,0,0,0,0,0,0,0,0,0.1,-1,0,0,0,0.1,0,0,0,20000652,0,0,0,0,0,1,0,0,0,0,0,0,0,0,0,0,0,0,0,0,254,254,254,254,1,1,0,0,0,0,6,0,0,1,0,1,0,0,0,0,0,1,0,0,0,0,0,0,0,0,0,0,0,0,-1,0,0,0,0,0,0,0,0,0,0,0,0,0,0,0,0,0,-1,0,-1,0,0,-1,-1,-1,-1,0,0,0,0,-1,0,0,-1,0,1,0,[0|0|0|0|0|0|0|0]
20000652,Rainbow Stone Arrow (Fletched) [AOW] Rain of Arrows,1,-1,-1,-1,0.85,20,0,0,0,0,15,5,0,20,15,0,0,0.25,1.5,0.12,0,0,0.1,0,0,0,20000653,0,0,0,0,0,6,0,0,0,0,0,0,0,0,0,0,90,0,0,0,254,254,254,254,1,1,0,0,0,0,0,0,0,0,0,1,0,0,0,0,0,1,0,0,0,0,0,0,0,0,0,0,0,0,-1,0,0,0,0,0,0,0,0,0,0,0,0,0,0,0,0,0,-1,0,-1,0,0,-1,-1,-1,-1,0,0,0,0,-1,0,0,-1,0,1,0,[0|0|0|0|0|0|0|0]
20000654,Rainbow Stone Arrow (Fletched) [AOW] Rain of Arrows,5008850,5008001,5008005,5008003,1.1,0,0,0,0,0.5,80,0,0,80,80,0,0,0.05,1,0.2,0,0,0.1,0,0,0,-1,0,0,0,0,0,1,10,0,0,0,90,90,90,90,100,100,-90,0,0,0,254,254,254,254,0,0,0,0,0,0,0,1,0,0,0,1,0,0,0,1,0,1,0,0,0,0,0,0,90,0,0,0,60,30,-1,0,0,0,0,0,0,0,0,0,0,0,0,0,0,0,0,0,-1,0,-1,0,0,-1,-1,-1,-1,0,0,0,0,-1,0,0,-1,0,1,0,[0|0|0|0|0|0|0|0]
20000670,Rainbow Stone Arrow (Fletched) [AOW] Through and Through,5008870,5008001,5008002,5008003,3,40,0,0,2.5,0,140,5,-5,140,10,0,0,0.02,-1,0,0,0,0,0,0,0,-1,0,0,0,0,0,1,0,0,0,0,90,90,90,90,100,100,0,45,0,0,254,254,254,254,1,0,0,0,0,0,0,1,0,0,0,0,0,0,0,1,0,1,0,0,0,0,0,0,90,0,0,0,0,0,-1,0,0,0,0,0,0,0,0,0,0,0,0,0,0,0,0,0,-1,0,-1,0,0,-1,-1,-1,-1,0,0,0,0,-1,0,0,-1,0,1,0,[0|0|0|0|0|0|0|0]
20000700,Golden Arrow,5009300,5009001,5009002,5009003,3,30,0,0,6,0,140,5,-7,140,10,0,0,0.02,-1,0,0,0,0,0,0,0,-1,0,0,0,0,0,1,0,0,0,0,100,100,100,100,100,100,0,45,0,0,254,254,254,254,0,0,0,0,0,0,0,1,0,0,0,0,0,0,0,1,0,1,0,0,0,0,0,0,100,0,0,0,0,0,-1,0,0,0,0,0,0,0,0,0,0,0,0,0,0,0,0,0,-1,0,-1,0,0,-1,-1,-1,-1,0,0,0,0,-1,0,0,-1,0,1,0,[0|0|0|0|0|0|0|0]
20000711,Golden Arrow [AOW] Mighty Shot,5009811,5009001,5009002,5009003,3,30,0,0,6,0,210,5,-7,210,10,0,0,0.02,-1,0,0,0,0,0,0,0,-1,0,0,0,0,0,1,0,0,0,0,100,100,100,100,100,100,0,25,0,0,254,254,254,254,0,0,0,0,0,0,0,1,0,0,0,0,0,0,0,1,0,1,0,0,0,0,0,0,100,0,0,0,0,0,-1,0,0,0,0,0,0,0,0,0,0,0,0,0,0,0,0,0,-1,0,-1,0,0,-1,-1,-1,-1,0,0,0,0,-1,0,0,-1,0,1,0,[0|0|0|0|0|0|0|0]
20000720,Golden Arrow [AOW] Barrage,5009820,5009001,5009002,5009003,3,30,0,0,6,0,140,5,-7,140,10,0,0,0.02,-1,0,0,0,0,0,0,0,-1,0,0,0,0,0,1,0,0,0,0,100,100,100,100,100,100,0,45,0,0,254,254,254,254,0,0,0,0,0,0,0,1,0,0,0,0,0,0,0,1,0,1,0,0,0,0,0,0,100,0,0,0,0,0,-1,0,0,0,0,0,0,0,0,0,0,0,0,0,0,0,0,0,-1,0,-1,0,0,-1,-1,-1,-1,0,0,0,0,-1,0,0,-1,0,1,0,[0|0|0|0|0|0|0|0]
20000730,Golden Arrow [AOW] Enchanted Shot,5009830,5009001,5009002,5009003,3,30,0,0,6,3,280,5,-7,280,10,0,0.5,0.02,-1,0,0,0,0,0,0,0,-1,0,0,0,0,0,1,160,0,0,0,100,100,100,100,100,100,0,45,0,0,254,254,254,254,0,0,0,0,0,0,0,1,0,0,0,0,0,0,0,1,0,1,0,0,0,0,0,0,100,0,0,0,0,0,-1,0,0,0,0,0,0,0,0,0,0,0,0,0,0,0,0,0,-1,0,-1,0,0,-1,-1,-1,-1,0,0,0,0,-1,0,0,-1,0,1,0,[0|0|0|0|0|0|0|0]
20000750,Golden Arrow [AOW] Rain of Arrows,5009850,5009001,-1,-1,0.3,0,0,0,0,0,122.5,0,0,122.5,35,0,0,0.02,-1,0,0,0,0,0,0,0,-1,0,0,0,0,0,1,0,0,0,0,90,90,90,90,100,100,89,0,0,0,254,254,254,254,1,0,0,0,0,0,0,1,0,0,0,0,0,0,0,0,0,1,0,0,0,0,0,0,90,0,0,0,0,0,-1,0,0,0,0,0,0,0,0,0,0,0,0,0,0,0,0,0,-1,0,-1,0,0,-1,-1,-1,-1,0,0,0,0,-1,0,0,-1,0,1,0,[0|0|0|0|0|0|0|0]
20000751,Golden Arrow [AOW] Rain of Arrows,5099999,-1,-1,-1,0.05,78,0,0,0,0,0,0,0,0,0,0,0,0.1,-1,0,0,0,0.1,0,0,0,20000752,0,0,0,0,0,1,0,0,0,0,0,0,0,0,0,0,0,0,0,0,254,254,254,254,1,1,0,0,0,0,6,0,0,1,0,1,0,0,0,0,0,1,0,0,0,0,0,0,0,0,0,0,0,0,-1,0,0,0,0,0,0,0,0,0,0,0,0,0,0,0,0,0,-1,0,-1,0,0,-1,-1,-1,-1,0,0,0,0,-1,0,0,-1,0,1,0,[0|0|0|0|0|0|0|0]
20000752,Golden Arrow [AOW] Rain of Arrows,1,-1,-1,-1,0.85,20,0,0,0,0,15,5,0,20,15,0,0,0.25,1.5,0.12,0,0,0.1,0,0,0,20000753,0,0,0,0,0,6,0,0,0,0,0,0,0,0,0,0,90,0,0,0,254,254,254,254,1,1,0,0,0,0,0,0,0,0,0,1,0,0,0,0,0,1,0,0,0,0,0,0,0,0,0,0,0,0,-1,0,0,0,0,0,0,0,0,0,0,0,0,0,0,0,0,0,-1,0,-1,0,0,-1,-1,-1,-1,0,0,0,0,-1,0,0,-1,0,1,0,[0|0|0|0|0|0|0|0]
20000754,Golden Arrow [AOW] Rain of Arrows,5009850,5009001,5009002,5009003,1.1,0,0,0,0,0.5,80,0,0,80,80,0,0,0.05,1,0.2,0,0,0.1,0,0,0,-1,0,0,0,0,0,1,10,0,0,0,90,90,90,90,100,100,-90,0,0,0,254,254,254,254,0,0,0,0,0,0,0,1,0,0,0,1,0,0,0,1,0,1,0,0,0,0,0,0,90,0,0,0,60,30,-1,0,0,0,0,0,0,0,0,0,0,0,0,0,0,0,0,0,-1,0,-1,0,0,-1,-1,-1,-1,0,0,0,0,-1,0,0,-1,0,1,0,[0|0|0|0|0|0|0|0]
20000770,Golden Arrow [AOW] Through and Through,5009870,5009001,5009002,5009003,3,40,0,0,2.5,0,140,5,-5,140,10,0,0,0.02,-1,0,0,0,0,0,0,0,-1,0,0,0,0,0,1,0,0,0,0,90,90,90,90,100,100,0,45,0,0,254,254,254,254,1,0,0,0,0,0,0,1,0,0,0,0,0,0,0,1,0,1,0,0,0,0,0,0,90,0,0,0,0,0,-1,0,0,0,0,0,0,0,0,0,0,0,0,0,0,0,0,0,-1,0,-1,0,0,-1,-1,-1,-1,0,0,0,0,-1,0,0,-1,0,1,0,[0|0|0|0|0|0|0|0]
20000800,Dwelling Arrow,5010300,5010001,5010002,5010003,3,30,0,0,6,0,140,5,-7,140,10,0,0,0.02,-1,0,0,0,0,0,0,0,-1,0,0,0,0,0,1,0,0,0,0,100,100,100,100,100,100,0,45,0,0,254,254,254,254,0,0,0,0,0,0,0,1,0,0,0,0,0,0,0,1,0,1,0,0,0,0,0,0,100,0,0,0,0,0,-1,0,0,0,0,0,0,0,0,0,0,0,0,0,0,0,0,0,-1,0,-1,0,0,-1,-1,-1,-1,0,0,0,0,-1,0,0,-1,0,1,0,[0|0|0|0|0|0|0|0]
20000811,Dwelling Arrow [AOW] Mighty Shot,5010811,5010001,5010002,5010003,3,30,0,0,6,0,210,5,-7,210,10,0,0,0.02,-1,0,0,0,0,0,0,0,-1,0,0,0,0,0,1,0,0,0,0,100,100,100,100,100,100,0,25,0,0,254,254,254,254,0,0,0,0,0,0,0,1,0,0,0,0,0,0,0,1,0,1,0,0,0,0,0,0,100,0,0,0,0,0,-1,0,0,0,0,0,0,0,0,0,0,0,0,0,0,0,0,0,-1,0,-1,0,0,-1,-1,-1,-1,0,0,0,0,-1,0,0,-1,0,1,0,[0|0|0|0|0|0|0|0]
20000820,Dwelling Arrow [AOW] Barrage,5010820,5010001,5010002,5010003,3,30,0,0,6,0,140,5,-7,140,10,0,0,0.02,-1,0,0,0,0,0,0,0,-1,0,0,0,0,0,1,0,0,0,0,100,100,100,100,100,100,0,45,0,0,254,254,254,254,0,0,0,0,0,0,0,1,0,0,0,0,0,0,0,1,0,1,0,0,0,0,0,0,100,0,0,0,0,0,-1,0,0,0,0,0,0,0,0,0,0,0,0,0,0,0,0,0,-1,0,-1,0,0,-1,-1,-1,-1,0,0,0,0,-1,0,0,-1,0,1,0,[0|0|0|0|0|0|0|0]
20000830,Dwelling Arrow [AOW] Enchanted Shot,5010830,5010001,5010002,5010003,3,30,0,0,6,3,315,5,-7,315,10,0,0.5,0.02,-1,0,0,0,0,0,0,0,-1,0,0,0,0,0,1,180,0,0,0,100,100,100,100,100,100,0,45,0,0,254,254,254,254,0,0,0,0,0,0,0,1,0,0,0,0,0,0,0,1,0,1,0,0,0,0,0,0,100,0,0,0,0,0,-1,0,0,0,0,0,0,0,0,0,0,0,0,0,0,0,0,0,-1,0,-1,0,0,-1,-1,-1,-1,0,0,0,0,-1,0,0,-1,0,1,0,[0|0|0|0|0|0|0|0]
20000850,Dwelling Arrow [AOW] Rain of Arrows,5010850,5010001,-1,-1,0.3,0,0,0,0,0,122.5,0,0,122.5,35,0,0,0.02,-1,0,0,0,0,0,0,0,-1,0,0,0,0,0,1,0,0,0,0,90,90,90,90,100,100,89,0,0,0,254,254,254,254,1,0,0,0,0,0,0,1,0,0,0,0,0,0,0,0,0,1,0,0,0,0,0,0,90,0,0,0,0,0,-1,0,0,0,0,0,0,0,0,0,0,0,0,0,0,0,0,0,-1,0,-1,0,0,-1,-1,-1,-1,0,0,0,0,-1,0,0,-1,0,1,0,[0|0|0|0|0|0|0|0]
20000851,Dwelling Arrow [AOW] Rain of Arrows,5099999,-1,-1,-1,0.05,78,0,0,0,0,0,0,0,0,0,0,0,0.1,-1,0,0,0,0.1,0,0,0,20000852,0,0,0,0,0,1,0,0,0,0,0,0,0,0,0,0,0,0,0,0,254,254,254,254,1,1,0,0,0,0,6,0,0,1,0,1,0,0,0,0,0,1,0,0,0,0,0,0,0,0,0,0,0,0,-1,0,0,0,0,0,0,0,0,0,0,0,0,0,0,0,0,0,-1,0,-1,0,0,-1,-1,-1,-1,0,0,0,0,-1,0,0,-1,0,1,0,[0|0|0|0|0|0|0|0]
20000852,Dwelling Arrow [AOW] Rain of Arrows,1,-1,-1,-1,0.85,20,0,0,0,0,15,5,0,20,15,0,0,0.25,1.5,0.12,0,0,0.1,0,0,0,20000853,0,0,0,0,0,6,0,0,0,0,0,0,0,0,0,0,90,0,0,0,254,254,254,254,1,1,0,0,0,0,0,0,0,0,0,1,0,0,0,0,0,1,0,0,0,0,0,0,0,0,0,0,0,0,-1,0,0,0,0,0,0,0,0,0,0,0,0,0,0,0,0,0,-1,0,-1,0,0,-1,-1,-1,-1,0,0,0,0,-1,0,0,-1,0,1,0,[0|0|0|0|0|0|0|0]
20000854,Dwelling Arrow [AOW] Rain of Arrows,5010850,5010001,5010002,5010003,1.1,0,0,0,0,0.5,80,0,0,80,80,0,0,0.05,1,0.2,0,0,0.1,0,0,0,-1,0,0,0,0,0,1,10,0,0,0,90,90,90,90,100,100,-90,0,0,0,254,254,254,254,0,0,0,0,0,0,0,1,0,0,0,1,0,0,0,1,0,1,0,0,0,0,0,0,90,0,0,0,60,30,-1,0,0,0,0,0,0,0,0,0,0,0,0,0,0,0,0,0,-1,0,-1,0,0,-1,-1,-1,-1,0,0,0,0,-1,0,0,-1,0,1,0,[0|0|0|0|0|0|0|0]
20000870,Dwelling Arrow [AOW] Through and Through,5010870,5010001,5010002,5010003,3,40,0,0,2.5,0,140,5,-5,140,10,0,0,0.02,-1,0,0,0,0,0,0,0,-1,0,0,0,0,0,1,0,0,0,0,90,90,90,90,100,100,0,45,0,0,254,254,254,254,1,0,0,0,0,0,0,1,0,0,0,0,0,0,0,1,0,1,0,0,0,0,0,0,90,0,0,0,0,0,-1,0,0,0,0,0,0,0,0,0,0,0,0,0,0,0,0,0,-1,0,-1,0,0,-1,-1,-1,-1,0,0,0,0,-1,0,0,-1,0,1,0,[0|0|0|0|0|0|0|0]
20000900,Bone Arrow,5011300,5011001,5011002,5011003,3,10,0,0,10,0,140,5,-9,140,10,0,0,0.02,-1,0,0,0,0,0,0,0,-1,0,0,0,0,0,1,0,0,0,0,100,100,100,100,100,100,0,45,0,0,254,254,254,254,0,0,0,0,0,0,0,1,0,0,0,0,0,0,0,1,0,1,0,0,0,0,0,0,100,0,0,0,0,0,-1,0,0,0,0,0,0,0,0,0,0,0,0,0,0,0,0,0,-1,0,-1,0,0,-1,-1,-1,-1,0,0,0,0,-1,0,0,-1,0,1,0,[0|0|0|0|0|0|0|0]
20000911,Bone Arrow [AOW] Mighty Shot,5011811,5011001,5011002,5011003,3,10,0,0,10,0,210,5,-9,210,10,0,0,0.02,-1,0,0,0,0,0,0,0,-1,0,0,0,0,0,1,0,0,0,0,100,100,100,100,100,100,0,25,0,0,254,254,254,254,0,0,0,0,0,0,0,1,0,0,0,0,0,0,0,1,0,1,0,0,0,0,0,0,100,0,0,0,0,0,-1,0,0,0,0,0,0,0,0,0,0,0,0,0,0,0,0,0,-1,0,-1,0,0,-1,-1,-1,-1,0,0,0,0,-1,0,0,-1,0,1,0,[0|0|0|0|0|0|0|0]
20000920,Bone Arrow [AOW] Barrage,5011820,5011001,5011002,5011003,3,10,0,0,10,0,140,5,-9,140,10,0,0,0.02,-1,0,0,0,0,0,0,0,-1,0,0,0,0,0,1,0,0,0,0,100,100,100,100,100,100,0,45,0,0,254,254,254,254,0,0,0,0,0,0,0,1,0,0,0,0,0,0,0,1,0,1,0,0,0,0,0,0,100,0,0,0,0,0,-1,0,0,0,0,0,0,0,0,0,0,0,0,0,0,0,0,0,-1,0,-1,0,0,-1,-1,-1,-1,0,0,0,0,-1,0,0,-1,0,1,0,[0|0|0|0|0|0|0|0]
20000930,Bone Arrow [AOW] Enchanted Shot,5011830,5011001,5011002,5011003,3,10,0,0,10,3,280,5,-9,280,10,0,0.5,0.02,-1,0,0,0,0,0,0,0,-1,0,0,0,0,0,1,160,0,0,0,100,100,100,100,100,100,0,45,0,0,254,254,254,254,0,0,0,0,0,0,0,1,0,0,0,0,0,0,0,1,0,1,0,0,0,0,0,0,100,0,0,0,0,0,-1,0,0,0,0,0,0,0,0,0,0,0,0,0,0,0,0,0,-1,0,-1,0,0,-1,-1,-1,-1,0,0,0,0,-1,0,0,-1,0,1,0,[0|0|0|0|0|0|0|0]
20000950,Bone Arrow [AOW] Rain of Arrows,5011850,5011001,-1,-1,0.3,0,0,0,0,0,122.5,0,0,122.5,35,0,0,0.02,-1,0,0,0,0,0,0,0,-1,0,0,0,0,0,1,0,0,0,0,90,90,90,90,100,100,89,0,0,0,254,254,254,254,1,0,0,0,0,0,0,1,0,0,0,0,0,0,0,0,0,1,0,0,0,0,0,0,90,0,0,0,0,0,-1,0,0,0,0,0,0,0,0,0,0,0,0,0,0,0,0,0,-1,0,-1,0,0,-1,-1,-1,-1,0,0,0,0,-1,0,0,-1,0,1,0,[0|0|0|0|0|0|0|0]
20000951,Bone Arrow [AOW] Rain of Arrows,5099999,-1,-1,-1,0.05,70,0,0,0,0,0,0,0,0,0,0,0,0.1,-1,0,0,0,0.1,0,0,0,20000952,0,0,0,0,0,1,0,0,0,0,0,0,0,0,0,0,0,0,0,0,254,254,254,254,1,1,0,0,0,0,6,0,0,1,0,1,0,0,0,0,0,1,0,0,0,0,0,0,0,0,0,0,0,0,-1,0,0,0,0,0,0,0,0,0,0,0,0,0,0,0,0,0,-1,0,-1,0,0,-1,-1,-1,-1,0,0,0,0,-1,0,0,-1,0,1,0,[0|0|0|0|0|0|0|0]
20000952,Bone Arrow [AOW] Rain of Arrows,1,-1,-1,-1,0.85,20,0,0,0,0,15,5,0,20,15,0,0,0.25,1.5,0.12,0,0,0.1,0,0,0,20000953,0,0,0,0,0,6,0,0,0,0,0,0,0,0,0,0,90,0,0,0,254,254,254,254,1,1,0,0,0,0,0,0,0,0,0,1,0,0,0,0,0,1,0,0,0,0,0,0,0,0,0,0,0,0,-1,0,0,0,0,0,0,0,0,0,0,0,0,0,0,0,0,0,-1,0,-1,0,0,-1,-1,-1,-1,0,0,0,0,-1,0,0,-1,0,1,0,[0|0|0|0|0|0|0|0]
20000954,Bone Arrow [AOW] Rain of Arrows,5011850,5011001,5011002,5011003,1.1,0,0,0,0,0.5,80,0,0,80,80,0,0,0.05,1,0.2,0,0,0.1,0,0,0,-1,0,0,0,0,0,1,10,0,0,0,90,90,90,90,100,100,-90,0,0,0,254,254,254,254,0,0,0,0,0,0,0,1,0,0,0,1,0,0,0,1,0,1,0,0,0,0,0,0,90,0,0,0,60,30,-1,0,0,0,0,0,0,0,0,0,0,0,0,0,0,0,0,0,-1,0,-1,0,0,-1,-1,-1,-1,0,0,0,0,-1,0,0,-1,0,1,0,[0|0|0|0|0|0|0|0]
20000970,Bone Arrow [AOW] Through and Through,5011870,5011001,5011002,5011003,3,35,0,0,2.5,0,140,5,-5,140,10,0,0,0.02,-1,0,0,0,0,0,0,0,-1,0,0,0,0,0,1,0,0,0,0,90,90,90,90,100,100,0,45,0,0,254,254,254,254,1,0,0,0,0,0,0,1,0,0,0,0,0,0,0,1,0,1,0,0,0,0,0,0,90,0,0,0,0,0,-1,0,0,0,0,0,0,0,0,0,0,0,0,0,0,0,0,0,-1,0,-1,0,0,-1,-1,-1,-1,0,0,0,0,-1,0,0,-1,0,1,0,[0|0|0|0|0|0|0|0]
20001000,Firebone Arrow (Fletched),5013300,5013001,5013002,5013003,3,30,0,0,6,0,140,5,-7,140,10,0,0,0.02,-1,0,0,0,0,0,0,0,-1,0,0,0,0,0,1,0,0,0,0,100,100,100,100,100,100,0,45,0,0,254,254,254,254,0,0,0,0,0,0,0,1,0,0,0,0,0,0,0,1,0,1,0,0,0,0,0,0,100,0,0,0,0,0,-1,0,0,0,0,0,0,0,0,0,0,0,0,0,0,0,0,0,-1,0,-1,0,0,-1,-1,-1,-1,0,0,0,0,-1,0,0,-1,0,1,0,[0|0|0|0|0|0|0|0]
20001011,Firebone Arrow (Fletched) [AOW] Mighty Shot,5013811,5013001,5013002,5013003,3,30,0,0,6,0,210,5,-7,210,10,0,0,0.02,-1,0,0,0,0,0,0,0,-1,0,0,0,0,0,1,0,0,0,0,100,100,100,100,100,100,0,25,0,0,254,254,254,254,0,0,0,0,0,0,0,1,0,0,0,0,0,0,0,1,0,1,0,0,0,0,0,0,100,0,0,0,0,0,-1,0,0,0,0,0,0,0,0,0,0,0,0,0,0,0,0,0,-1,0,-1,0,0,-1,-1,-1,-1,0,0,0,0,-1,0,0,-1,0,1,0,[0|0|0|0|0|0|0|0]
20001020,Firebone Arrow (Fletched) [AOW] Barrage,5013820,5013001,5013002,5013003,3,30,0,0,6,0,140,5,-7,140,10,0,0,0.02,-1,0,0,0,0,0,0,0,-1,0,0,0,0,0,1,0,0,0,0,100,100,100,100,100,100,0,45,0,0,254,254,254,254,0,0,0,0,0,0,0,1,0,0,0,0,0,0,0,1,0,1,0,0,0,0,0,0,100,0,0,0,0,0,-1,0,0,0,0,0,0,0,0,0,0,0,0,0,0,0,0,0,-1,0,-1,0,0,-1,-1,-1,-1,0,0,0,0,-1,0,0,-1,0,1,0,[0|0|0|0|0|0|0|0]
20001030,Firebone Arrow (Fletched) [AOW] Enchanted Shot,5013830,5013001,5013002,5013003,3,30,0,0,6,3,280,5,-7,280,10,0,0.5,0.02,-1,0,0,0,0,0,0,0,-1,0,0,0,0,0,1,160,0,0,0,100,100,100,100,100,100,0,45,0,0,254,254,254,254,0,0,0,0,0,0,0,1,0,0,0,0,0,0,0,1,0,1,0,0,0,0,0,0,100,0,0,0,0,0,-1,0,0,0,0,0,0,0,0,0,0,0,0,0,0,0,0,0,-1,0,-1,0,0,-1,-1,-1,-1,0,0,0,0,-1,0,0,-1,0,1,0,[0|0|0|0|0|0|0|0]
20001050,Firebone Arrow (Fletched) [AOW] Rain of Arrows,5013850,5013001,-1,-1,0.3,0,0,0,0,0,122.5,0,0,122.5,35,0,0,0.02,-1,0,0,0,0,0,0,0,-1,0,0,0,0,0,1,0,0,0,0,90,90,90,90,100,100,89,0,0,0,254,254,254,254,1,0,0,0,0,0,0,1,0,0,0,0,0,0,0,0,0,1,0,0,0,0,0,0,90,0,0,0,0,0,-1,0,0,0,0,0,0,0,0,0,0,0,0,0,0,0,0,0,-1,0,-1,0,0,-1,-1,-1,-1,0,0,0,0,-1,0,0,-1,0,1,0,[0|0|0|0|0|0|0|0]
20001051,Firebone Arrow (Fletched) [AOW] Rain of Arrows,5099999,-1,-1,-1,0.05,78,0,0,0,0,0,0,0,0,0,0,0,0.1,-1,0,0,0,0.1,0,0,0,20001052,0,0,0,0,0,1,0,0,0,0,0,0,0,0,0,0,0,0,0,0,254,254,254,254,1,1,0,0,0,0,6,0,0,1,0,1,0,0,0,0,0,1,0,0,0,0,0,0,0,0,0,0,0,0,-1,0,0,0,0,0,0,0,0,0,0,0,0,0,0,0,0,0,-1,0,-1,0,0,-1,-1,-1,-1,0,0,0,0,-1,0,0,-1,0,1,0,[0|0|0|0|0|0|0|0]
20001052,Firebone Arrow (Fletched) [AOW] Rain of Arrows,1,-1,-1,-1,0.85,20,0,0,0,0,15,5,0,20,15,0,0,0.25,1.5,0.12,0,0,0.1,0,0,0,20001053,0,0,0,0,0,6,0,0,0,0,0,0,0,0,0,0,90,0,0,0,254,254,254,254,1,1,0,0,0,0,0,0,0,0,0,1,0,0,0,0,0,1,0,0,0,0,0,0,0,0,0,0,0,0,-1,0,0,0,0,0,0,0,0,0,0,0,0,0,0,0,0,0,-1,0,-1,0,0,-1,-1,-1,-1,0,0,0,0,-1,0,0,-1,0,1,0,[0|0|0|0|0|0|0|0]
20001054,Firebone Arrow (Fletched) [AOW] Rain of Arrows,5013850,5013001,5013002,5013003,1.1,0,0,0,0,0.5,80,0,0,80,80,0,0,0.05,1,0.2,0,0,0.1,0,0,0,-1,0,0,0,0,0,1,10,0,0,0,90,90,90,90,100,100,-90,0,0,0,254,254,254,254,0,0,0,0,0,0,0,1,0,0,0,1,0,0,0,1,0,1,0,0,0,0,0,0,90,0,0,0,60,30,-1,0,0,0,0,0,0,0,0,0,0,0,0,0,0,0,0,0,-1,0,-1,0,0,-1,-1,-1,-1,0,0,0,0,-1,0,0,-1,0,1,0,[0|0|0|0|0|0|0|0]
20001070,Firebone Arrow (Fletched) [AOW] Through and Through,5013870,5013001,5013002,5013003,3,50,0,0,2.5,0,140,5,-5,140,10,0,0,0.02,-1,0,0,0,0,0,0,0,-1,0,0,0,0,0,1,0,0,0,0,90,90,90,90,100,100,0,45,0,0,254,254,254,254,1,0,0,0,0,0,0,1,0,0,0,0,0,0,0,1,0,1,0,0,0,0,0,0,90,0,0,0,0,0,-1,0,0,0,0,0,0,0,0,0,0,0,0,0,0,0,0,0,-1,0,-1,0,0,-1,-1,-1,-1,0,0,0,0,-1,0,0,-1,0,1,0,[0|0|0|0|0|0|0|0]
20001100,Firebone Arrow,5014300,5014001,5014002,5014003,3,10,0,0,10,0,140,5,-9,140,10,0,0,0.02,-1,0,0,0,0,0,0,0,-1,0,0,0,0,0,1,0,0,0,0,100,100,100,100,100,100,0,45,0,0,254,254,254,254,0,0,0,0,0,0,0,1,0,0,0,0,0,0,0,1,0,1,0,0,0,0,0,0,100,0,0,0,0,0,-1,0,0,0,0,0,0,0,0,0,0,0,0,0,0,0,0,0,-1,0,-1,0,0,-1,-1,-1,-1,0,0,0,0,-1,0,0,-1,0,1,0,[0|0|0|0|0|0|0|0]
20001111,Firebone Arrow [AOW] Mighty Shot,5014811,5014001,5014002,5014003,3,10,0,0,10,0,210,5,-9,210,10,0,0,0.02,-1,0,0,0,0,0,0,0,-1,0,0,0,0,0,1,0,0,0,0,100,100,100,100,100,100,0,25,0,0,254,254,254,254,0,0,0,0,0,0,0,1,0,0,0,0,0,0,0,1,0,1,0,0,0,0,0,0,100,0,0,0,0,0,-1,0,0,0,0,0,0,0,0,0,0,0,0,0,0,0,0,0,-1,0,-1,0,0,-1,-1,-1,-1,0,0,0,0,-1,0,0,-1,0,1,0,[0|0|0|0|0|0|0|0]
20001120,Firebone Arrow [AOW] Barrage,5014820,5014001,5014002,5014003,3,10,0,0,10,0,140,5,-9,140,10,0,0,0.02,-1,0,0,0,0,0,0,0,-1,0,0,0,0,0,1,0,0,0,0,100,100,100,100,100,100,0,45,0,0,254,254,254,254,0,0,0,0,0,0,0,1,0,0,0,0,0,0,0,1,0,1,0,0,0,0,0,0,100,0,0,0,0,0,-1,0,0,0,0,0,0,0,0,0,0,0,0,0,0,0,0,0,-1,0,-1,0,0,-1,-1,-1,-1,0,0,0,0,-1,0,0,-1,0,1,0,[0|0|0|0|0|0|0|0]
20001130,Firebone Arrow [AOW] Enchanted Shot,5014830,5014001,5014002,5014003,3,10,0,0,10,3,280,5,-9,280,10,0,0.5,0.02,-1,0,0,0,0,0,0,0,-1,0,0,0,0,0,1,160,0,0,0,100,100,100,100,100,100,0,45,0,0,254,254,254,254,0,0,0,0,0,0,0,1,0,0,0,0,0,0,0,1,0,1,0,0,0,0,0,0,100,0,0,0,0,0,-1,0,0,0,0,0,0,0,0,0,0,0,0,0,0,0,0,0,-1,0,-1,0,0,-1,-1,-1,-1,0,0,0,0,-1,0,0,-1,0,1,0,[0|0|0|0|0|0|0|0]
20001150,Firebone Arrow [AOW] Rain of Arrows,5014850,5014001,-1,-1,0.3,0,0,0,0,0,122.5,0,0,122.5,35,0,0,0.02,-1,0,0,0,0,0,0,0,-1,0,0,0,0,0,1,0,0,0,0,90,90,90,90,100,100,89,0,0,0,254,254,254,254,1,0,0,0,0,0,0,1,0,0,0,0,0,0,0,0,0,1,0,0,0,0,0,0,90,0,0,0,0,0,-1,0,0,0,0,0,0,0,0,0,0,0,0,0,0,0,0,0,-1,0,-1,0,0,-1,-1,-1,-1,0,0,0,0,-1,0,0,-1,0,1,0,[0|0|0|0|0|0|0|0]
20001151,Firebone Arrow [AOW] Rain of Arrows,5099999,-1,-1,-1,0.05,70,0,0,0,0,0,0,0,0,0,0,0,0.1,-1,0,0,0,0.1,0,0,0,20001152,0,0,0,0,0,1,0,0,0,0,0,0,0,0,0,0,0,0,0,0,254,254,254,254,1,1,0,0,0,0,6,0,0,1,0,1,0,0,0,0,0,1,0,0,0,0,0,0,0,0,0,0,0,0,-1,0,0,0,0,0,0,0,0,0,0,0,0,0,0,0,0,0,-1,0,-1,0,0,-1,-1,-1,-1,0,0,0,0,-1,0,0,-1,0,1,0,[0|0|0|0|0|0|0|0]
20001152,Firebone Arrow [AOW] Rain of Arrows,1,-1,-1,-1,0.85,20,0,0,0,0,15,5,0,20,15,0,0,0.25,1.5,0.12,0,0,0.1,0,0,0,20001153,0,0,0,0,0,6,0,0,0,0,0,0,0,0,0,0,90,0,0,0,254,254,254,254,1,1,0,0,0,0,0,0,0,0,0,1,0,0,0,0,0,1,0,0,0,0,0,0,0,0,0,0,0,0,-1,0,0,0,0,0,0,0,0,0,0,0,0,0,0,0,0,0,-1,0,-1,0,0,-1,-1,-1,-1,0,0,0,0,-1,0,0,-1,0,1,0,[0|0|0|0|0|0|0|0]
20001154,Firebone Arrow [AOW] Rain of Arrows,5014850,5014001,5014002,5014003,1.1,0,0,0,0,0.5,80,0,0,80,80,0,0,0.05,1,0.2,0,0,0.1,0,0,0,-1,0,0,0,0,0,1,10,0,0,0,90,90,90,90,100,100,-90,0,0,0,254,254,254,254,0,0,0,0,0,0,0,1,0,0,0,1,0,0,0,1,0,1,0,0,0,0,0,0,90,0,0,0,60,30,-1,0,0,0,0,0,0,0,0,0,0,0,0,0,0,0,0,0,-1,0,-1,0,0,-1,-1,-1,-1,0,0,0,0,-1,0,0,-1,0,1,0,[0|0|0|0|0|0|0|0]
20001170,Firebone Arrow [AOW] Through and Through,5014870,5014001,5014002,5014003,3,35,0,0,2.5,0,140,5,-5,140,10,0,0,0.02,-1,0,0,0,0,0,0,0,-1,0,0,0,0,0,1,0,0,0,0,90,90,90,90,100,100,0,45,0,0,254,254,254,254,1,0,0,0,0,0,0,1,0,0,0,0,0,0,0,1,0,1,0,0,0,0,0,0,90,0,0,0,0,0,-1,0,0,0,0,0,0,0,0,0,0,0,0,0,0,0,0,0,-1,0,-1,0,0,-1,-1,-1,-1,0,0,0,0,-1,0,0,-1,0,1,0,[0|0|0|0|0|0|0|0]
20001200,Poisonbone Arrow (Fletched),5015300,5015001,5015002,5015003,3,30,0,0,6,0,140,5,-7,140,10,0,0,0.02,-1,0,0,0,0,0,0,0,-1,0,0,0,0,0,1,0,0,0,0,100,100,100,100,100,100,0,45,0,0,254,254,254,254,0,0,0,0,0,0,0,1,0,0,0,0,0,0,0,1,0,1,0,0,0,0,0,0,100,0,0,0,0,0,-1,0,0,0,0,0,0,0,0,0,0,0,0,0,0,0,0,0,-1,0,-1,0,0,-1,-1,-1,-1,0,0,0,0,-1,0,0,-1,0,1,0,[0|0|0|0|0|0|0|0]
20001211,Poisonbone Arrow (Fletched) [AOW] Mighty Shot,5015811,5015001,5015002,5015003,3,30,0,0,6,0,210,5,-7,210,10,0,0,0.02,-1,0,0,0,0,0,0,0,-1,0,0,0,0,0,1,0,0,0,0,100,100,100,100,100,100,0,25,0,0,254,254,254,254,0,0,0,0,0,0,0,1,0,0,0,0,0,0,0,1,0,1,0,0,0,0,0,0,100,0,0,0,0,0,-1,0,0,0,0,0,0,0,0,0,0,0,0,0,0,0,0,0,-1,0,-1,0,0,-1,-1,-1,-1,0,0,0,0,-1,0,0,-1,0,1,0,[0|0|0|0|0|0|0|0]
20001220,Poisonbone Arrow (Fletched) [AOW] Barrage,5015820,5015001,5015002,5015003,3,30,0,0,6,0,140,5,-7,140,10,0,0,0.02,-1,0,0,0,0,0,0,0,-1,0,0,0,0,0,1,0,0,0,0,100,100,100,100,100,100,0,45,0,0,254,254,254,254,0,0,0,0,0,0,0,1,0,0,0,0,0,0,0,1,0,1,0,0,0,0,0,0,100,0,0,0,0,0,-1,0,0,0,0,0,0,0,0,0,0,0,0,0,0,0,0,0,-1,0,-1,0,0,-1,-1,-1,-1,0,0,0,0,-1,0,0,-1,0,1,0,[0|0|0|0|0|0|0|0]
20001230,Poisonbone Arrow (Fletched) [AOW] Enchanted Shot,5015830,5015001,5015002,5015003,3,30,0,0,6,3,280,5,-7,280,10,0,0.5,0.02,-1,0,0,0,0,0,0,0,-1,0,0,0,0,0,1,160,0,0,0,100,100,100,100,100,100,0,45,0,0,254,254,254,254,0,0,0,0,0,0,0,1,0,0,0,0,0,0,0,1,0,1,0,0,0,0,0,0,100,0,0,0,0,0,-1,0,0,0,0,0,0,0,0,0,0,0,0,0,0,0,0,0,-1,0,-1,0,0,-1,-1,-1,-1,0,0,0,0,-1,0,0,-1,0,1,0,[0|0|0|0|0|0|0|0]
20001250,Poisonbone Arrow (Fletched) [AOW] Rain of Arrows,5015850,5015001,-1,-1,0.3,0,0,0,0,0,122.5,0,0,122.5,35,0,0,0.02,-1,0,0,0,0,0,0,0,-1,0,0,0,0,0,1,0,0,0,0,90,90,90,90,100,100,89,0,0,0,254,254,254,254,1,0,0,0,0,0,0,1,0,0,0,0,0,0,0,0,0,1,0,0,0,0,0,0,90,0,0,0,0,0,-1,0,0,0,0,0,0,0,0,0,0,0,0,0,0,0,0,0,-1,0,-1,0,0,-1,-1,-1,-1,0,0,0,0,-1,0,0,-1,0,1,0,[0|0|0|0|0|0|0|0]
20001251,Poisonbone Arrow (Fletched) [AOW] Rain of Arrows,5099999,-1,-1,-1,0.05,78,0,0,0,0,0,0,0,0,0,0,0,0.1,-1,0,0,0,0.1,0,0,0,20001252,0,0,0,0,0,1,0,0,0,0,0,0,0,0,0,0,0,0,0,0,254,254,254,254,1,1,0,0,0,0,6,0,0,1,0,1,0,0,0,0,0,1,0,0,0,0,0,0,0,0,0,0,0,0,-1,0,0,0,0,0,0,0,0,0,0,0,0,0,0,0,0,0,-1,0,-1,0,0,-1,-1,-1,-1,0,0,0,0,-1,0,0,-1,0,1,0,[0|0|0|0|0|0|0|0]
20001252,Poisonbone Arrow (Fletched) [AOW] Rain of Arrows,1,-1,-1,-1,0.85,20,0,0,0,0,15,5,0,20,15,0,0,0.25,1.5,0.12,0,0,0.1,0,0,0,20001253,0,0,0,0,0,6,0,0,0,0,0,0,0,0,0,0,90,0,0,0,254,254,254,254,1,1,0,0,0,0,0,0,0,0,0,1,0,0,0,0,0,1,0,0,0,0,0,0,0,0,0,0,0,0,-1,0,0,0,0,0,0,0,0,0,0,0,0,0,0,0,0,0,-1,0,-1,0,0,-1,-1,-1,-1,0,0,0,0,-1,0,0,-1,0,1,0,[0|0|0|0|0|0|0|0]
20001254,Poisonbone Arrow (Fletched) [AOW] Rain of Arrows,5015850,5015001,5015002,5015003,1.1,0,0,0,0,0.5,80,0,0,80,80,0,0,0.05,1,0.2,0,0,0.1,0,0,0,-1,0,0,0,0,0,1,10,0,0,0,90,90,90,90,100,100,-90,0,0,0,254,254,254,254,0,0,0,0,0,0,0,1,0,0,0,1,0,0,0,1,0,1,0,0,0,0,0,0,90,0,0,0,60,30,-1,0,0,0,0,0,0,0,0,0,0,0,0,0,0,0,0,0,-1,0,-1,0,0,-1,-1,-1,-1,0,0,0,0,-1,0,0,-1,0,1,0,[0|0|0|0|0|0|0|0]
20001270,Poisonbone Arrow (Fletched) [AOW] Through and Through,5015870,5015001,5015002,5015003,3,50,0,0,2.5,0,140,5,-5,140,10,0,0,0.02,-1,0,0,0,0,0,0,0,-1,0,0,0,0,0,1,0,0,0,0,90,90,90,90,100,100,0,45,0,0,254,254,254,254,1,0,0,0,0,0,0,1,0,0,0,0,0,0,0,1,0,1,0,0,0,0,0,0,90,0,0,0,0,0,-1,0,0,0,0,0,0,0,0,0,0,0,0,0,0,0,0,0,-1,0,-1,0,0,-1,-1,-1,-1,0,0,0,0,-1,0,0,-1,0,1,0,[0|0|0|0|0|0|0|0]
20001300,Poisonbone Arrow,5016300,5016001,5016002,5016003,3,10,0,0,10,0,140,5,-9,140,10,0,0,0.02,-1,0,0,0,0,0,0,0,-1,0,0,0,0,0,1,0,0,0,0,100,100,100,100,100,100,0,45,0,0,254,254,254,254,0,0,0,0,0,0,0,1,0,0,0,0,0,0,0,1,0,1,0,0,0,0,0,0,100,0,0,0,0,0,-1,0,0,0,0,0,0,0,0,0,0,0,0,0,0,0,0,0,-1,0,-1,0,0,-1,-1,-1,-1,0,0,0,0,-1,0,0,-1,0,1,0,[0|0|0|0|0|0|0|0]
20001311,Poisonbone Arrow [AOW] Mighty Shot,5016811,5016001,5016002,5016003,3,10,0,0,10,0,210,5,-9,210,10,0,0,0.02,-1,0,0,0,0,0,0,0,-1,0,0,0,0,0,1,0,0,0,0,100,100,100,100,100,100,0,25,0,0,254,254,254,254,0,0,0,0,0,0,0,1,0,0,0,0,0,0,0,1,0,1,0,0,0,0,0,0,100,0,0,0,0,0,-1,0,0,0,0,0,0,0,0,0,0,0,0,0,0,0,0,0,-1,0,-1,0,0,-1,-1,-1,-1,0,0,0,0,-1,0,0,-1,0,1,0,[0|0|0|0|0|0|0|0]
20001320,Poisonbone Arrow [AOW] Barrage,5016820,5016001,5016002,5016003,3,10,0,0,10,0,140,5,-9,140,10,0,0,0.02,-1,0,0,0,0,0,0,0,-1,0,0,0,0,0,1,0,0,0,0,100,100,100,100,100,100,0,45,0,0,254,254,254,254,0,0,0,0,0,0,0,1,0,0,0,0,0,0,0,1,0,1,0,0,0,0,0,0,100,0,0,0,0,0,-1,0,0,0,0,0,0,0,0,0,0,0,0,0,0,0,0,0,-1,0,-1,0,0,-1,-1,-1,-1,0,0,0,0,-1,0,0,-1,0,1,0,[0|0|0|0|0|0|0|0]
20001330,Poisonbone Arrow [AOW] Enchanted Shot,5016830,5016001,5016002,5016003,3,10,0,0,10,3,280,5,-9,280,10,0,0.5,0.02,-1,0,0,0,0,0,0,0,-1,0,0,0,0,0,1,160,0,0,0,100,100,100,100,100,100,0,45,0,0,254,254,254,254,0,0,0,0,0,0,0,1,0,0,0,0,0,0,0,1,0,1,0,0,0,0,0,0,100,0,0,0,0,0,-1,0,0,0,0,0,0,0,0,0,0,0,0,0,0,0,0,0,-1,0,-1,0,0,-1,-1,-1,-1,0,0,0,0,-1,0,0,-1,0,1,0,[0|0|0|0|0|0|0|0]
20001350,Poisonbone Arrow [AOW] Rain of Arrows,5016850,5016001,-1,-1,0.3,0,0,0,0,0,122.5,0,0,122.5,35,0,0,0.02,-1,0,0,0,0,0,0,0,-1,0,0,0,0,0,1,0,0,0,0,90,90,90,90,100,100,89,0,0,0,254,254,254,254,1,0,0,0,0,0,0,1,0,0,0,0,0,0,0,0,0,1,0,0,0,0,0,0,90,0,0,0,0,0,-1,0,0,0,0,0,0,0,0,0,0,0,0,0,0,0,0,0,-1,0,-1,0,0,-1,-1,-1,-1,0,0,0,0,-1,0,0,-1,0,1,0,[0|0|0|0|0|0|0|0]
20001351,Poisonbone Arrow [AOW] Rain of Arrows,5099999,-1,-1,-1,0.05,70,0,0,0,0,0,0,0,0,0,0,0,0.1,-1,0,0,0,0.1,0,0,0,20001352,0,0,0,0,0,1,0,0,0,0,0,0,0,0,0,0,0,0,0,0,254,254,254,254,1,1,0,0,0,0,6,0,0,1,0,1,0,0,0,0,0,1,0,0,0,0,0,0,0,0,0,0,0,0,-1,0,0,0,0,0,0,0,0,0,0,0,0,0,0,0,0,0,-1,0,-1,0,0,-1,-1,-1,-1,0,0,0,0,-1,0,0,-1,0,1,0,[0|0|0|0|0|0|0|0]
20001352,Poisonbone Arrow [AOW] Rain of Arrows,1,-1,-1,-1,0.85,20,0,0,0,0,15,5,0,20,15,0,0,0.25,1.5,0.12,0,0,0.1,0,0,0,20001353,0,0,0,0,0,6,0,0,0,0,0,0,0,0,0,0,90,0,0,0,254,254,254,254,1,1,0,0,0,0,0,0,0,0,0,1,0,0,0,0,0,1,0,0,0,0,0,0,0,0,0,0,0,0,-1,0,0,0,0,0,0,0,0,0,0,0,0,0,0,0,0,0,-1,0,-1,0,0,-1,-1,-1,-1,0,0,0,0,-1,0,0,-1,0,1,0,[0|0|0|0|0|0|0|0]
20001354,Poisonbone Arrow [AOW] Rain of Arrows,5016850,5016001,5016002,5016003,1.1,0,0,0,0,0.5,80,0,0,80,80,0,0,0.05,1,0.2,0,0,0.1,0,0,0,-1,0,0,0,0,0,1,10,0,0,0,90,90,90,90,100,100,-90,0,0,0,254,254,254,254,0,0,0,0,0,0,0,1,0,0,0,1,0,0,0,1,0,1,0,0,0,0,0,0,90,0,0,0,60,30,-1,0,0,0,0,0,0,0,0,0,0,0,0,0,0,0,0,0,-1,0,-1,0,0,-1,-1,-1,-1,0,0,0,0,-1,0,0,-1,0,1,0,[0|0|0|0|0|0|0|0]
20001370,Poisonbone Arrow [AOW] Through and Through,5016870,5016001,5016002,5016003,3,35,0,0,2.5,0,140,5,-5,140,10,0,0,0.02,-1,0,0,0,0,0,0,0,-1,0,0,0,0,0,1,0,0,0,0,90,90,90,90,100,100,0,45,0,0,254,254,254,254,1,0,0,0,0,0,0,1,0,0,0,0,0,0,0,1,0,1,0,0,0,0,0,0,90,0,0,0,0,0,-1,0,0,0,0,0,0,0,0,0,0,0,0,0,0,0,0,0,-1,0,-1,0,0,-1,-1,-1,-1,0,0,0,0,-1,0,0,-1,0,1,0,[0|0|0|0|0|0|0|0]
20001400,Sleepbone Arrow (Fletched),5017300,5017001,5017002,5017003,3,30,0,0,6,0,140,5,-7,140,10,0,0,0.02,-1,0,0,0,0,0,0,0,-1,0,0,0,0,0,1,0,0,0,0,100,100,100,100,100,100,0,45,0,0,254,254,254,254,0,0,0,0,0,0,0,1,0,0,0,0,0,0,0,1,0,1,0,0,0,0,0,0,100,0,0,0,0,0,-1,0,0,0,0,0,0,0,0,0,0,0,0,0,0,0,0,0,-1,0,-1,0,0,-1,-1,-1,-1,0,0,0,0,-1,0,0,-1,0,1,0,[0|0|0|0|0|0|0|0]
20001411,Sleepbone Arrow (Fletched) [AOW] Mighty Shot,5017811,5017001,5017002,5017003,3,30,0,0,6,0,210,5,-7,210,10,0,0,0.02,-1,0,0,0,0,0,0,0,-1,0,0,0,0,0,1,0,0,0,0,100,100,100,100,100,100,0,25,0,0,254,254,254,254,0,0,0,0,0,0,0,1,0,0,0,0,0,0,0,1,0,1,0,0,0,0,0,0,100,0,0,0,0,0,-1,0,0,0,0,0,0,0,0,0,0,0,0,0,0,0,0,0,-1,0,-1,0,0,-1,-1,-1,-1,0,0,0,0,-1,0,0,-1,0,1,0,[0|0|0|0|0|0|0|0]
20001420,Sleepbone Arrow (Fletched) [AOW] Barrage,5017820,5017001,5017002,5017003,3,30,0,0,6,0,140,5,-7,140,10,0,0,0.02,-1,0,0,0,0,0,0,0,-1,0,0,0,0,0,1,0,0,0,0,100,100,100,100,100,100,0,45,0,0,254,254,254,254,0,0,0,0,0,0,0,1,0,0,0,0,0,0,0,1,0,1,0,0,0,0,0,0,100,0,0,0,0,0,-1,0,0,0,0,0,0,0,0,0,0,0,0,0,0,0,0,0,-1,0,-1,0,0,-1,-1,-1,-1,0,0,0,0,-1,0,0,-1,0,1,0,[0|0|0|0|0|0|0|0]
20001430,Sleepbone Arrow (Fletched) [AOW] Enchanted Shot,5017830,5017001,5017002,5017003,3,30,0,0,6,3,280,5,-7,280,10,0,0.5,0.02,-1,0,0,0,0,0,0,0,-1,0,0,0,0,0,1,160,0,0,0,100,100,100,100,100,100,0,45,0,0,254,254,254,254,0,0,0,0,0,0,0,1,0,0,0,0,0,0,0,1,0,1,0,0,0,0,0,0,100,0,0,0,0,0,-1,0,0,0,0,0,0,0,0,0,0,0,0,0,0,0,0,0,-1,0,-1,0,0,-1,-1,-1,-1,0,0,0,0,-1,0,0,-1,0,1,0,[0|0|0|0|0|0|0|0]
20001450,Sleepbone Arrow (Fletched) [AOW] Rain of Arrows,5017850,5017001,-1,-1,0.3,0,0,0,0,0,122.5,0,0,122.5,35,0,0,0.02,-1,0,0,0,0,0,0,0,-1,0,0,0,0,0,1,0,0,0,0,90,90,90,90,100,100,89,0,0,0,254,254,254,254,1,0,0,0,0,0,0,1,0,0,0,0,0,0,0,0,0,1,0,0,0,0,0,0,90,0,0,0,0,0,-1,0,0,0,0,0,0,0,0,0,0,0,0,0,0,0,0,0,-1,0,-1,0,0,-1,-1,-1,-1,0,0,0,0,-1,0,0,-1,0,1,0,[0|0|0|0|0|0|0|0]
20001451,Sleepbone Arrow (Fletched) [AOW] Rain of Arrows,5099999,-1,-1,-1,0.05,78,0,0,0,0,0,0,0,0,0,0,0,0.1,-1,0,0,0,0.1,0,0,0,20001452,0,0,0,0,0,1,0,0,0,0,0,0,0,0,0,0,0,0,0,0,254,254,254,254,1,1,0,0,0,0,6,0,0,1,0,1,0,0,0,0,0,1,0,0,0,0,0,0,0,0,0,0,0,0,-1,0,0,0,0,0,0,0,0,0,0,0,0,0,0,0,0,0,-1,0,-1,0,0,-1,-1,-1,-1,0,0,0,0,-1,0,0,-1,0,1,0,[0|0|0|0|0|0|0|0]
20001452,Sleepbone Arrow (Fletched) [AOW] Rain of Arrows,1,-1,-1,-1,0.85,20,0,0,0,0,15,5,0,20,15,0,0,0.25,1.5,0.12,0,0,0.1,0,0,0,20001453,0,0,0,0,0,6,0,0,0,0,0,0,0,0,0,0,90,0,0,0,254,254,254,254,1,1,0,0,0,0,0,0,0,0,0,1,0,0,0,0,0,1,0,0,0,0,0,0,0,0,0,0,0,0,-1,0,0,0,0,0,0,0,0,0,0,0,0,0,0,0,0,0,-1,0,-1,0,0,-1,-1,-1,-1,0,0,0,0,-1,0,0,-1,0,1,0,[0|0|0|0|0|0|0|0]
20001454,Sleepbone Arrow (Fletched) [AOW] Rain of Arrows,5017850,5017001,5017002,5017003,1.1,0,0,0,0,0.5,80,0,0,80,80,0,0,0.05,1,0.2,0,0,0.1,0,0,0,-1,0,0,0,0,0,1,10,0,0,0,90,90,90,90,100,100,-90,0,0,0,254,254,254,254,0,0,0,0,0,0,0,1,0,0,0,1,0,0,0,1,0,1,0,0,0,0,0,0,90,0,0,0,60,30,-1,0,0,0,0,0,0,0,0,0,0,0,0,0,0,0,0,0,-1,0,-1,0,0,-1,-1,-1,-1,0,0,0,0,-1,0,0,-1,0,1,0,[0|0|0|0|0|0|0|0]
20001470,Sleepbone Arrow (Fletched) [AOW] Through and Through,5017870,5017001,5017002,5017003,3,50,0,0,2.5,0,140,5,-5,140,10,0,0,0.02,-1,0,0,0,0,0,0,0,-1,0,0,0,0,0,1,0,0,0,0,90,90,90,90,100,100,0,45,0,0,254,254,254,254,1,0,0,0,0,0,0,1,0,0,0,0,0,0,0,1,0,1,0,0,0,0,0,0,90,0,0,0,0,0,-1,0,0,0,0,0,0,0,0,0,0,0,0,0,0,0,0,0,-1,0,-1,0,0,-1,-1,-1,-1,0,0,0,0,-1,0,0,-1,0,1,0,[0|0|0|0|0|0|0|0]
20001500,Sleepbone Arrow,5018300,5018001,5018002,5018003,3,10,0,0,10,0,140,5,-9,140,10,0,0,0.02,-1,0,0,0,0,0,0,0,-1,0,0,0,0,0,1,0,0,0,0,100,100,100,100,100,100,0,45,0,0,254,254,254,254,0,0,0,0,0,0,0,1,0,0,0,0,0,0,0,1,0,1,0,0,0,0,0,0,100,0,0,0,0,0,-1,0,0,0,0,0,0,0,0,0,0,0,0,0,0,0,0,0,-1,0,-1,0,0,-1,-1,-1,-1,0,0,0,0,-1,0,0,-1,0,1,0,[0|0|0|0|0|0|0|0]
20001511,Sleepbone Arrow [AOW] Mighty Shot,5018811,5018001,5018002,5018003,3,10,0,0,10,0,210,5,-9,210,10,0,0,0.02,-1,0,0,0,0,0,0,0,-1,0,0,0,0,0,1,0,0,0,0,100,100,100,100,100,100,0,25,0,0,254,254,254,254,0,0,0,0,0,0,0,1,0,0,0,0,0,0,0,1,0,1,0,0,0,0,0,0,100,0,0,0,0,0,-1,0,0,0,0,0,0,0,0,0,0,0,0,0,0,0,0,0,-1,0,-1,0,0,-1,-1,-1,-1,0,0,0,0,-1,0,0,-1,0,1,0,[0|0|0|0|0|0|0|0]
20001520,Sleepbone Arrow [AOW] Barrage,5018820,5018001,5018002,5018003,3,10,0,0,10,0,140,5,-9,140,10,0,0,0.02,-1,0,0,0,0,0,0,0,-1,0,0,0,0,0,1,0,0,0,0,100,100,100,100,100,100,0,45,0,0,254,254,254,254,0,0,0,0,0,0,0,1,0,0,0,0,0,0,0,1,0,1,0,0,0,0,0,0,100,0,0,0,0,0,-1,0,0,0,0,0,0,0,0,0,0,0,0,0,0,0,0,0,-1,0,-1,0,0,-1,-1,-1,-1,0,0,0,0,-1,0,0,-1,0,1,0,[0|0|0|0|0|0|0|0]
20001530,Sleepbone Arrow [AOW] Enchanted Shot,5018830,5018001,5018002,5018003,3,10,0,0,10,3,280,5,-9,280,10,0,0.5,0.02,-1,0,0,0,0,0,0,0,-1,0,0,0,0,0,1,160,0,0,0,100,100,100,100,100,100,0,45,0,0,254,254,254,254,0,0,0,0,0,0,0,1,0,0,0,0,0,0,0,1,0,1,0,0,0,0,0,0,100,0,0,0,0,0,-1,0,0,0,0,0,0,0,0,0,0,0,0,0,0,0,0,0,-1,0,-1,0,0,-1,-1,-1,-1,0,0,0,0,-1,0,0,-1,0,1,0,[0|0|0|0|0|0|0|0]
20001550,Sleepbone Arrow [AOW] Rain of Arrows,5018850,5018001,-1,-1,0.3,0,0,0,0,0,122.5,0,0,122.5,35,0,0,0.02,-1,0,0,0,0,0,0,0,-1,0,0,0,0,0,1,0,0,0,0,90,90,90,90,100,100,89,0,0,0,254,254,254,254,1,0,0,0,0,0,0,1,0,0,0,0,0,0,0,0,0,1,0,0,0,0,0,0,90,0,0,0,0,0,-1,0,0,0,0,0,0,0,0,0,0,0,0,0,0,0,0,0,-1,0,-1,0,0,-1,-1,-1,-1,0,0,0,0,-1,0,0,-1,0,1,0,[0|0|0|0|0|0|0|0]
20001551,Sleepbone Arrow [AOW] Rain of Arrows,5099999,-1,-1,-1,0.05,70,0,0,0,0,0,0,0,0,0,0,0,0.1,-1,0,0,0,0.1,0,0,0,20001552,0,0,0,0,0,1,0,0,0,0,0,0,0,0,0,0,0,0,0,0,254,254,254,254,1,1,0,0,0,0,6,0,0,1,0,1,0,0,0,0,0,1,0,0,0,0,0,0,0,0,0,0,0,0,-1,0,0,0,0,0,0,0,0,0,0,0,0,0,0,0,0,0,-1,0,-1,0,0,-1,-1,-1,-1,0,0,0,0,-1,0,0,-1,0,1,0,[0|0|0|0|0|0|0|0]
20001552,Sleepbone Arrow [AOW] Rain of Arrows,1,-1,-1,-1,0.85,20,0,0,0,0,15,5,0,20,15,0,0,0.25,1.5,0.12,0,0,0.1,0,0,0,20001553,0,0,0,0,0,6,0,0,0,0,0,0,0,0,0,0,90,0,0,0,254,254,254,254,1,1,0,0,0,0,0,0,0,0,0,1,0,0,0,0,0,1,0,0,0,0,0,0,0,0,0,0,0,0,-1,0,0,0,0,0,0,0,0,0,0,0,0,0,0,0,0,0,-1,0,-1,0,0,-1,-1,-1,-1,0,0,0,0,-1,0,0,-1,0,1,0,[0|0|0|0|0|0|0|0]
20001554,Sleepbone Arrow [AOW] Rain of Arrows,5018850,5018001,5018002,5018003,1.1,0,0,0,0,0.5,80,0,0,80,80,0,0,0.05,1,0.2,0,0,0.1,0,0,0,-1,0,0,0,0,0,1,10,0,0,0,90,90,90,90,100,100,-90,0,0,0,254,254,254,254,0,0,0,0,0,0,0,1,0,0,0,1,0,0,0,1,0,1,0,0,0,0,0,0,90,0,0,0,60,30,-1,0,0,0,0,0,0,0,0,0,0,0,0,0,0,0,0,0,-1,0,-1,0,0,-1,-1,-1,-1,0,0,0,0,-1,0,0,-1,0,1,0,[0|0|0|0|0|0|0|0]
20001570,Sleepbone Arrow [AOW] Through and Through,5018870,5018001,5018002,5018003,3,35,0,0,2.5,0,140,5,-5,140,10,0,0,0.02,-1,0,0,0,0,0,0,0,-1,0,0,0,0,0,1,0,0,0,0,90,90,90,90,100,100,0,45,0,0,254,254,254,254,1,0,0,0,0,0,0,1,0,0,0,0,0,0,0,1,0,1,0,0,0,0,0,0,90,0,0,0,0,0,-1,0,0,0,0,0,0,0,0,0,0,0,0,0,0,0,0,0,-1,0,-1,0,0,-1,-1,-1,-1,0,0,0,0,-1,0,0,-1,0,1,0,[0|0|0|0|0|0|0|0]
20001600,Stormwing Bone Arrow,5019300,5019001,5019002,5019003,3,40,0,0,6,0,140,5,-8,140,10,0,0,0.02,-1,0,0,0,0,0,0,0,-1,0,0,0,0,0,1,0,0,0,0,100,100,100,100,100,100,0,45,0,0,254,254,254,254,0,0,0,0,0,0,0,1,0,0,0,0,0,0,0,1,0,1,0,0,0,0,0,0,100,0,0,0,0,0,-1,0,0,0,0,0,0,0,0,0,0,0,0,0,0,0,0,0,-1,0,-1,0,0,-1,-1,-1,-1,0,0,0,0,-1,0,0,-1,0,1,0,[0|0|0|0|0|0|0|0]
20001611,Stormwing Bone Arrow [AOW] Mighty Shot,5019811,5019001,5019002,5019003,3,40,0,0,6,0,210,5,-8,210,10,0,0,0.02,-1,0,0,0,0,0,0,0,-1,0,0,0,0,0,1,0,0,0,0,100,100,100,100,100,100,0,25,0,0,254,254,254,254,0,0,0,0,0,0,0,1,0,0,0,0,0,0,0,1,0,1,0,0,0,0,0,0,100,0,0,0,0,0,-1,0,0,0,0,0,0,0,0,0,0,0,0,0,0,0,0,0,-1,0,-1,0,0,-1,-1,-1,-1,0,0,0,0,-1,0,0,-1,0,1,0,[0|0|0|0|0|0|0|0]
20001620,Stormwing Bone Arrow [AOW] Barrage,5019820,5019001,5019002,5019003,3,40,0,0,6,0,140,5,-8,140,10,0,0,0.02,-1,0,0,0,0,0,0,0,-1,0,0,0,0,0,1,0,0,0,0,100,100,100,100,100,100,0,45,0,0,254,254,254,254,0,0,0,0,0,0,0,1,0,0,0,0,0,0,0,1,0,1,0,0,0,0,0,0,100,0,0,0,0,0,-1,0,0,0,0,0,0,0,0,0,0,0,0,0,0,0,0,0,-1,0,-1,0,0,-1,-1,-1,-1,0,0,0,0,-1,0,0,-1,0,1,0,[0|0|0|0|0|0|0|0]
20001630,Stormwing Bone Arrow [AOW] Enchanted Shot,5019830,5019001,5019002,5019003,3,40,0,0,6,3,280,5,-8,280,10,0,0.5,0.02,-1,0,0,0,0,0,0,0,-1,0,0,0,0,0,1,160,0,0,0,100,100,100,100,100,100,0,45,0,0,254,254,254,254,0,0,0,0,0,0,0,1,0,0,0,0,0,0,0,1,0,1,0,0,0,0,0,0,100,0,0,0,0,0,-1,0,0,0,0,0,0,0,0,0,0,0,0,0,0,0,0,0,-1,0,-1,0,0,-1,-1,-1,-1,0,0,0,0,-1,0,0,-1,0,1,0,[0|0|0|0|0|0|0|0]
20001650,Stormwing Bone Arrow [AOW] Rain of Arrows,5019850,5019001,-1,-1,0.3,0,0,0,0,0,122.5,0,0,122.5,35,0,0,0.02,-1,0,0,0,0,0,0,0,-1,0,0,0,0,0,1,0,0,0,0,90,90,90,90,100,100,89,0,0,0,254,254,254,254,1,0,0,0,0,0,0,1,0,0,0,0,0,0,0,0,0,1,0,0,0,0,0,0,90,0,0,0,0,0,-1,0,0,0,0,0,0,0,0,0,0,0,0,0,0,0,0,0,-1,0,-1,0,0,-1,-1,-1,-1,0,0,0,0,-1,0,0,-1,0,1,0,[0|0|0|0|0|0|0|0]
20001651,Stormwing Bone Arrow [AOW] Rain of Arrows,5099999,-1,-1,-1,0.05,86,0,0,0,0,0,0,0,0,0,0,0,0.1,-1,0,0,0,0.1,0,0,0,20001652,0,0,0,0,0,1,0,0,0,0,0,0,0,0,0,0,0,0,0,0,254,254,254,254,1,1,0,0,0,0,6,0,0,1,0,1,0,0,0,0,0,1,0,0,0,0,0,0,0,0,0,0,0,0,-1,0,0,0,0,0,0,0,0,0,0,0,0,0,0,0,0,0,-1,0,-1,0,0,-1,-1,-1,-1,0,0,0,0,-1,0,0,-1,0,1,0,[0|0|0|0|0|0|0|0]
20001652,Stormwing Bone Arrow [AOW] Rain of Arrows,1,-1,-1,-1,0.85,20,0,0,0,0,15,5,0,20,15,0,0,0.25,1.5,0.12,0,0,0.1,0,0,0,20001653,0,0,0,0,0,6,0,0,0,0,0,0,0,0,0,0,90,0,0,0,254,254,254,254,1,1,0,0,0,0,0,0,0,0,0,1,0,0,0,0,0,1,0,0,0,0,0,0,0,0,0,0,0,0,-1,0,0,0,0,0,0,0,0,0,0,0,0,0,0,0,0,0,-1,0,-1,0,0,-1,-1,-1,-1,0,0,0,0,-1,0,0,-1,0,1,0,[0|0|0|0|0|0|0|0]
20001654,Stormwing Bone Arrow [AOW] Rain of Arrows,5019850,5019001,5019002,5019003,1.1,0,0,0,0,0.5,80,0,0,80,80,0,0,0.05,1,0.2,0,0,0.1,0,0,0,-1,0,0,0,0,0,1,10,0,0,0,90,90,90,90,100,100,-90,0,0,0,254,254,254,254,0,0,0,0,0,0,0,1,0,0,0,1,0,0,0,1,0,1,0,0,0,0,0,0,90,0,0,0,60,30,-1,0,0,0,0,0,0,0,0,0,0,0,0,0,0,0,0,0,-1,0,-1,0,0,-1,-1,-1,-1,0,0,0,0,-1,0,0,-1,0,1,0,[0|0|0|0|0|0|0|0]
20001670,Stormwing Bone Arrow [AOW] Through and Through,5019870,5019001,5019002,5019003,3,40,0,0,2.5,0,140,5,-5,140,10,0,0,0.02,-1,0,0,0,0,0,0,0,-1,0,0,0,0,0,1,0,0,0,0,90,90,90,90,100,100,0,45,0,0,254,254,254,254,1,0,0,0,0,0,0,1,0,0,0,0,0,0,0,1,0,1,0,0,0,0,0,0,90,0,0,0,0,0,-1,0,0,0,0,0,0,0,0,0,0,0,0,0,0,0,0,0,-1,0,-1,0,0,-1,-1,-1,-1,0,0,0,0,-1,0,0,-1,0,1,0,[0|0|0|0|0|0|0|0]
20001700,Lightningbone Arrow (Fletched),5020300,5020001,5020002,5020003,3,30,0,0,6,0,140,5,-7,140,10,0,0,0.02,-1,0,0,0,0,0,0,0,20001791,0,0,0,0,0,1,0,0,0,0,100,100,100,100,100,100,0,45,0,0,254,254,254,254,0,0,0,0,2,0,0,1,0,0,0,0,0,0,0,1,0,1,0,0,0,0,0,0,100,0,0,0,0,0,-1,0,0,0,0,0,0,0,0,0,0,0,0,0,0,0,0,0,-1,0,-1,0,0,-1,-1,-1,-1,0,0,0,0,-1,0,0,-1,0,1,0,[0|0|0|0|0|0|0|0]
20001711,Lightningbone Arrow (Fletched) [AOW] Mighty Shot,5020811,5020001,5020002,5020003,3,30,0,0,6,0,210,5,-7,210,10,0,0,0.02,-1,0,0,0,0,0,0,0,20001791,0,0,0,0,0,1,0,0,0,0,100,100,100,100,100,100,0,25,0,0,254,254,254,254,0,0,0,0,2,0,0,1,0,0,0,0,0,0,0,1,0,1,0,0,0,0,0,0,100,0,0,0,0,0,-1,0,0,0,0,0,0,0,0,0,0,0,0,0,0,0,0,0,-1,0,-1,0,0,-1,-1,-1,-1,0,0,0,0,-1,0,0,-1,0,1,0,[0|0|0|0|0|0|0|0]
20001720,Lightningbone Arrow (Fletched) [AOW] Barrage,5020820,5020001,5020002,5020003,3,30,0,0,6,0,140,5,-7,140,10,0,0,0.02,-1,0,0,0,0,0,0,0,20001791,0,0,0,0,0,1,0,0,0,0,100,100,100,100,100,100,0,45,0,0,254,254,254,254,0,0,0,0,2,0,0,1,0,0,0,0,0,0,0,1,0,1,0,0,0,0,0,0,100,0,0,0,0,0,-1,0,0,0,0,0,0,0,0,0,0,0,0,0,0,0,0,0,-1,0,-1,0,0,-1,-1,-1,-1,0,0,0,0,-1,0,0,-1,0,1,0,[0|0|0|0|0|0|0|0]
20001730,Lightningbone Arrow (Fletched) [AOW] Enchanted Shot,5020830,5020001,5020002,5020003,3,30,0,0,6,3,280,5,-7,280,10,0,0.5,0.02,-1,0,0,0,0,0,0,0,20001791,0,0,0,0,0,1,160,0,0,0,100,100,100,100,100,100,0,45,0,0,254,254,254,254,0,0,0,0,2,0,0,1,0,0,0,0,0,0,0,1,0,1,0,0,0,0,0,0,100,0,0,0,0,0,-1,0,0,0,0,0,0,0,0,0,0,0,0,0,0,0,0,0,-1,0,-1,0,0,-1,-1,-1,-1,0,0,0,0,-1,0,0,-1,0,1,0,[0|0|0|0|0|0|0|0]
20001750,Lightningbone Arrow (Fletched) [AOW] Rain of Arrows,5020850,5020001,-1,-1,0.3,0,0,0,0,0,122.5,0,0,122.5,35,0,0,0.02,-1,0,0,0,0,0,0,0,-1,0,0,0,0,0,1,0,0,0,0,90,90,90,90,100,100,89,0,0,0,254,254,254,254,1,0,0,0,0,0,0,1,0,0,0,0,0,0,0,0,0,1,0,0,0,0,0,0,90,0,0,0,0,0,-1,0,0,0,0,0,0,0,0,0,0,0,0,0,0,0,0,0,-1,0,-1,0,0,-1,-1,-1,-1,0,0,0,0,-1,0,0,-1,0,1,0,[0|0|0|0|0|0|0|0]
20001751,Lightningbone Arrow (Fletched) [AOW] Rain of Arrows,5099999,-1,-1,-1,0.05,78,0,0,0,0,0,0,0,0,0,0,0,0.1,-1,0,0,0,0.1,0,0,0,20001752,0,0,0,0,0,1,0,0,0,0,0,0,0,0,0,0,0,0,0,0,254,254,254,254,1,1,0,0,0,0,6,0,0,1,0,1,0,0,0,0,0,1,0,0,0,0,0,0,0,0,0,0,0,0,-1,0,0,0,0,0,0,0,0,0,0,0,0,0,0,0,0,0,-1,0,-1,0,0,-1,-1,-1,-1,0,0,0,0,-1,0,0,-1,0,1,0,[0|0|0|0|0|0|0|0]
20001752,Lightningbone Arrow (Fletched) [AOW] Rain of Arrows,1,-1,-1,-1,0.85,20,0,0,0,0,15,5,0,20,15,0,0,0.25,1.5,0.12,0,0,0.1,0,0,0,20001753,0,0,0,0,0,6,0,0,0,0,0,0,0,0,0,0,90,0,0,0,254,254,254,254,1,1,0,0,0,0,0,0,0,0,0,1,0,0,0,0,0,1,0,0,0,0,0,0,0,0,0,0,0,0,-1,0,0,0,0,0,0,0,0,0,0,0,0,0,0,0,0,0,-1,0,-1,0,0,-1,-1,-1,-1,0,0,0,0,-1,0,0,-1,0,1,0,[0|0|0|0|0|0|0|0]
20001754,Lightningbone Arrow (Fletched) [AOW] Rain of Arrows,5020850,5020001,5020002,5020003,1.1,0,0,0,0,0.5,80,0,0,80,80,0,0,0.05,1,0.2,0,0,0.1,0,0,0,-1,0,0,0,0,0,1,10,0,0,0,90,90,90,90,100,100,-90,0,0,0,254,254,254,254,0,0,0,0,0,0,0,1,0,0,0,1,0,0,0,1,0,1,0,0,0,0,0,0,90,0,0,0,60,30,-1,0,0,0,0,0,0,0,0,0,0,0,0,0,0,0,0,0,-1,0,-1,0,0,-1,-1,-1,-1,0,0,0,0,-1,0,0,-1,0,1,0,[0|0|0|0|0|0|0|0]
20001770,Lightningbone Arrow (Fletched) [AOW] Through and Through,5020870,5020001,5020002,5020003,3,50,0,0,2.5,0,140,5,-5,140,10,0,0,0.02,-1,0,0,0,0,0,0,0,-1,0,0,0,0,0,1,0,0,0,0,90,90,90,90,100,100,0,45,0,0,254,254,254,254,1,0,0,0,0,0,0,1,0,0,0,0,0,0,0,1,0,1,0,0,0,0,0,0,90,0,0,0,0,0,-1,0,0,0,0,0,0,0,0,0,0,0,0,0,0,0,0,0,-1,0,-1,0,0,-1,-1,-1,-1,0,0,0,0,-1,0,0,-1,0,1,0,[0|0|0|0|0|0|0|0]
20001800,Lightningbone Arrow,5021300,5021001,5021002,5021003,3,10,0,0,10,0,140,5,-9,140,10,0,0,0.02,-1,0,0,0,0,0,0,0,20001891,0,0,0,0,0,1,0,0,0,0,100,100,100,100,100,100,0,45,0,0,254,254,254,254,0,0,0,0,2,0,0,1,0,0,0,0,0,0,0,1,0,1,0,0,0,0,0,0,100,0,0,0,0,0,-1,0,0,0,0,0,0,0,0,0,0,0,0,0,0,0,0,0,-1,0,-1,0,0,-1,-1,-1,-1,0,0,0,0,-1,0,0,-1,0,1,0,[0|0|0|0|0|0|0|0]
20001811,Lightningbone Arrow [AOW] Mighty Shot,5021811,5021001,5021002,5021003,3,10,0,0,10,0,210,5,-9,210,10,0,0,0.02,-1,0,0,0,0,0,0,0,20001891,0,0,0,0,0,1,0,0,0,0,100,100,100,100,100,100,0,25,0,0,254,254,254,254,0,0,0,0,2,0,0,1,0,0,0,0,0,0,0,1,0,1,0,0,0,0,0,0,100,0,0,0,0,0,-1,0,0,0,0,0,0,0,0,0,0,0,0,0,0,0,0,0,-1,0,-1,0,0,-1,-1,-1,-1,0,0,0,0,-1,0,0,-1,0,1,0,[0|0|0|0|0|0|0|0]
20001820,Lightningbone Arrow [AOW] Barrage,5021820,5021001,5021002,5021003,3,10,0,0,10,0,140,5,-9,140,10,0,0,0.02,-1,0,0,0,0,0,0,0,20001891,0,0,0,0,0,1,0,0,0,0,100,100,100,100,100,100,0,45,0,0,254,254,254,254,0,0,0,0,2,0,0,1,0,0,0,0,0,0,0,1,0,1,0,0,0,0,0,0,100,0,0,0,0,0,-1,0,0,0,0,0,0,0,0,0,0,0,0,0,0,0,0,0,-1,0,-1,0,0,-1,-1,-1,-1,0,0,0,0,-1,0,0,-1,0,1,0,[0|0|0|0|0|0|0|0]
20001830,Lightningbone Arrow [AOW] Enchanted Shot,5021830,5021001,5021002,5021003,3,10,0,0,10,3,280,5,-9,280,10,0,0.5,0.02,-1,0,0,0,0,0,0,0,20001891,0,0,0,0,0,1,160,0,0,0,100,100,100,100,100,100,0,45,0,0,254,254,254,254,0,0,0,0,2,0,0,1,0,0,0,0,0,0,0,1,0,1,0,0,0,0,0,0,100,0,0,0,0,0,-1,0,0,0,0,0,0,0,0,0,0,0,0,0,0,0,0,0,-1,0,-1,0,0,-1,-1,-1,-1,0,0,0,0,-1,0,0,-1,0,1,0,[0|0|0|0|0|0|0|0]
20001850,Lightningbone Arrow [AOW] Rain of Arrows,5021850,5021001,-1,-1,0.3,0,0,0,0,0,122.5,0,0,122.5,35,0,0,0.02,-1,0,0,0,0,0,0,0,-1,0,0,0,0,0,1,0,0,0,0,90,90,90,90,100,100,89,0,0,0,254,254,254,254,1,0,0,0,0,0,0,1,0,0,0,0,0,0,0,0,0,1,0,0,0,0,0,0,90,0,0,0,0,0,-1,0,0,0,0,0,0,0,0,0,0,0,0,0,0,0,0,0,-1,0,-1,0,0,-1,-1,-1,-1,0,0,0,0,-1,0,0,-1,0,1,0,[0|0|0|0|0|0|0|0]
20001851,Lightningbone Arrow [AOW] Rain of Arrows,5099999,-1,-1,-1,0.05,70,0,0,0,0,0,0,0,0,0,0,0,0.1,-1,0,0,0,0.1,0,0,0,20001852,0,0,0,0,0,1,0,0,0,0,0,0,0,0,0,0,0,0,0,0,254,254,254,254,1,1,0,0,0,0,6,0,0,1,0,1,0,0,0,0,0,1,0,0,0,0,0,0,0,0,0,0,0,0,-1,0,0,0,0,0,0,0,0,0,0,0,0,0,0,0,0,0,-1,0,-1,0,0,-1,-1,-1,-1,0,0,0,0,-1,0,0,-1,0,1,0,[0|0|0|0|0|0|0|0]
20001852,Lightningbone Arrow [AOW] Rain of Arrows,1,-1,-1,-1,0.85,20,0,0,0,0,15,5,0,20,15,0,0,0.25,1.5,0.12,0,0,0.1,0,0,0,20001853,0,0,0,0,0,6,0,0,0,0,0,0,0,0,0,0,90,0,0,0,254,254,254,254,1,1,0,0,0,0,0,0,0,0,0,1,0,0,0,0,0,1,0,0,0,0,0,0,0,0,0,0,0,0,-1,0,0,0,0,0,0,0,0,0,0,0,0,0,0,0,0,0,-1,0,-1,0,0,-1,-1,-1,-1,0,0,0,0,-1,0,0,-1,0,1,0,[0|0|0|0|0|0|0|0]
20001854,Lightningbone Arrow [AOW] Rain of Arrows,5021850,5021001,5021002,5021003,1.1,0,0,0,0,0.5,80,0,0,80,80,0,0,0.05,1,0.2,0,0,0.1,0,0,0,-1,0,0,0,0,0,1,10,0,0,0,90,90,90,90,100,100,-90,0,0,0,254,254,254,254,0,0,0,0,0,0,0,1,0,0,0,1,0,0,0,1,0,1,0,0,0,0,0,0,90,0,0,0,60,30,-1,0,0,0,0,0,0,0,0,0,0,0,0,0,0,0,0,0,-1,0,-1,0,0,-1,-1,-1,-1,0,0,0,0,-1,0,0,-1,0,1,0,[0|0|0|0|0|0|0|0]
20001870,Lightningbone Arrow [AOW] Through and Through,5021870,5021001,5021002,5021003,3,35,0,0,2.5,0,140,5,-5,140,10,0,0,0.02,-1,0,0,0,0,0,0,0,-1,0,0,0,0,0,1,0,0,0,0,90,90,90,90,100,100,0,45,0,0,254,254,254,254,1,0,0,0,0,0,0,1,0,0,0,0,0,0,0,1,0,1,0,0,0,0,0,0,90,0,0,0,0,0,-1,0,0,0,0,0,0,0,0,0,0,0,0,0,0,0,0,0,-1,0,-1,0,0,-1,-1,-1,-1,0,0,0,0,-1,0,0,-1,0,1,0,[0|0|0|0|0|0|0|0]
20001900,Rainbow Stone Arrow,5022300,5022001,5022002,5022003,3,10,0,0,10,0,140,5,-9,140,10,0,0,0.02,-1,0,0,0,0,0,0,0,-1,0,0,0,0,0,1,0,0,0,0,100,100,100,100,100,100,0,45,0,0,254,254,254,254,0,0,0,0,0,0,0,1,0,0,0,0,0,0,0,1,0,1,0,0,0,0,0,0,100,0,0,0,0,0,-1,0,0,0,0,0,0,0,0,0,0,0,0,0,0,0,0,0,-1,0,-1,0,0,-1,-1,-1,-1,0,0,0,0,-1,0,0,-1,0,1,0,[0|0|0|0|0|0|0|0]
20001911,Rainbow Stone Arrow [AOW] Mighty Shot,5022811,5022001,5022002,5022003,3,10,0,0,10,0,210,5,-9,210,10,0,0,0.02,-1,0,0,0,0,0,0,0,-1,0,0,0,0,0,1,0,0,0,0,100,100,100,100,100,100,0,25,0,0,254,254,254,254,0,0,0,0,0,0,0,1,0,0,0,0,0,0,0,1,0,1,0,0,0,0,0,0,100,0,0,0,0,0,-1,0,0,0,0,0,0,0,0,0,0,0,0,0,0,0,0,0,-1,0,-1,0,0,-1,-1,-1,-1,0,0,0,0,-1,0,0,-1,0,1,0,[0|0|0|0|0|0|0|0]
20001920,Rainbow Stone Arrow [AOW] Barrage,5022820,5022001,5022002,5022003,3,10,0,0,10,0,140,5,-9,140,10,0,0,0.02,-1,0,0,0,0,0,0,0,-1,0,0,0,0,0,1,0,0,0,0,100,100,100,100,100,100,0,45,0,0,254,254,254,254,0,0,0,0,0,0,0,1,0,0,0,0,0,0,0,1,0,1,0,0,0,0,0,0,100,0,0,0,0,0,-1,0,0,0,0,0,0,0,0,0,0,0,0,0,0,0,0,0,-1,0,-1,0,0,-1,-1,-1,-1,0,0,0,0,-1,0,0,-1,0,1,0,[0|0|0|0|0|0|0|0]
20001930,Rainbow Stone Arrow [AOW] Enchanted Shot,5022830,5022001,5022002,5022003,3,10,0,0,10,3,280,5,-9,280,10,0,0.5,0.02,-1,0,0,0,0,0,0,0,-1,0,0,0,0,0,1,160,0,0,0,100,100,100,100,100,100,0,45,0,0,254,254,254,254,0,0,0,0,0,0,0,1,0,0,0,0,0,0,0,1,0,1,0,0,0,0,0,0,100,0,0,0,0,0,-1,0,0,0,0,0,0,0,0,0,0,0,0,0,0,0,0,0,-1,0,-1,0,0,-1,-1,-1,-1,0,0,0,0,-1,0,0,-1,0,1,0,[0|0|0|0|0|0|0|0]
20001950,Rainbow Stone Arrow [AOW] Rain of Arrows,5022850,5022001,-1,-1,0.3,0,0,0,0,0,122.5,0,0,122.5,35,0,0,0.02,-1,0,0,0,0,0,0,0,-1,0,0,0,0,0,1,0,0,0,0,90,90,90,90,100,100,89,0,0,0,254,254,254,254,1,0,0,0,0,0,0,1,0,0,0,0,0,0,0,0,0,1,0,0,0,0,0,0,90,0,0,0,0,0,-1,0,0,0,0,0,0,0,0,0,0,0,0,0,0,0,0,0,-1,0,-1,0,0,-1,-1,-1,-1,0,0,0,0,-1,0,0,-1,0,1,0,[0|0|0|0|0|0|0|0]
20001951,Rainbow Stone Arrow [AOW] Rain of Arrows,5099999,-1,-1,-1,0.05,70,0,0,0,0,0,0,0,0,0,0,0,0.1,-1,0,0,0,0.1,0,0,0,20001952,0,0,0,0,0,1,0,0,0,0,0,0,0,0,0,0,0,0,0,0,254,254,254,254,1,1,0,0,0,0,6,0,0,1,0,1,0,0,0,0,0,1,0,0,0,0,0,0,0,0,0,0,0,0,-1,0,0,0,0,0,0,0,0,0,0,0,0,0,0,0,0,0,-1,0,-1,0,0,-1,-1,-1,-1,0,0,0,0,-1,0,0,-1,0,1,0,[0|0|0|0|0|0|0|0]
20001952,Rainbow Stone Arrow [AOW] Rain of Arrows,1,-1,-1,-1,0.85,20,0,0,0,0,15,5,0,20,15,0,0,0.25,1.5,0.12,0,0,0.1,0,0,0,20001953,0,0,0,0,0,6,0,0,0,0,0,0,0,0,0,0,90,0,0,0,254,254,254,254,1,1,0,0,0,0,0,0,0,0,0,1,0,0,0,0,0,1,0,0,0,0,0,0,0,0,0,0,0,0,-1,0,0,0,0,0,0,0,0,0,0,0,0,0,0,0,0,0,-1,0,-1,0,0,-1,-1,-1,-1,0,0,0,0,-1,0,0,-1,0,1,0,[0|0|0|0|0|0|0|0]
20001954,Rainbow Stone Arrow [AOW] Rain of Arrows,5022850,5022001,5022005,5022003,1.1,0,0,0,0,0.5,80,0,0,80,80,0,0,0.05,1,0.2,0,0,0.1,0,0,0,-1,0,0,0,0,0,1,10,0,0,0,90,90,90,90,100,100,-90,0,0,0,254,254,254,254,0,0,0,0,0,0,0,1,0,0,0,1,0,0,0,1,0,1,0,0,0,0,0,0,90,0,0,0,60,30,-1,0,0,0,0,0,0,0,0,0,0,0,0,0,0,0,0,0,-1,0,-1,0,0,-1,-1,-1,-1,0,0,0,0,-1,0,0,-1,0,1,0,[0|0|0|0|0|0|0|0]
20001970,Rainbow Stone Arrow [AOW] Through and Through,5022870,5022001,5022002,5022003,3,40,0,0,2.5,0,140,5,-5,140,10,0,0,0.02,-1,0,0,0,0,0,0,0,-1,0,0,0,0,0,1,0,0,0,0,90,90,90,90,100,100,0,45,0,0,254,254,254,254,1,0,0,0,0,0,0,1,0,0,0,0,0,0,0,1,0,1,0,0,0,0,0,0,90,0,0,0,0,0,-1,0,0,0,0,0,0,0,0,0,0,0,0,0,0,0,0,0,-1,0,-1,0,0,-1,-1,-1,-1,0,0,0,0,-1,0,0,-1,0,1,0,[0|0|0|0|0|0|0|0]
20002000,Shattershard Arrow,5023300,5023001,5023002,5023003,3,10,0,0,10,0,140,5,-9,140,10,0,0,0.02,-1,0,0,0,0,0,0,0,-1,0,0,0,0,0,1,0,0,0,0,100,100,100,100,100,100,0,45,0,0,254,254,254,254,0,0,0,0,0,0,0,1,0,0,0,0,0,0,0,1,0,1,0,0,0,0,0,0,100,0,0,0,0,0,-1,0,0,0,0,0,0,0,0,0,0,0,0,0,0,0,0,0,-1,0,-1,0,0,-1,-1,-1,-1,0,0,0,0,-1,0,0,-1,0,1,0,[0|0|0|0|0|0|0|0]
20002011,Shattershard Arrow [AOW] Mighty Shot,5023811,5023001,5023002,5023003,3,10,0,0,10,0,210,5,-9,210,10,0,0,0.02,-1,0,0,0,0,0,0,0,-1,0,0,0,0,0,1,0,0,0,0,100,100,100,100,100,100,0,25,0,0,254,254,254,254,0,0,0,0,0,0,0,1,0,0,0,0,0,0,0,1,0,1,0,0,0,0,0,0,100,0,0,0,0,0,-1,0,0,0,0,0,0,0,0,0,0,0,0,0,0,0,0,0,-1,0,-1,0,0,-1,-1,-1,-1,0,0,0,0,-1,0,0,-1,0,1,0,[0|0|0|0|0|0|0|0]
20002020,Shattershard Arrow [AOW] Barrage,5023820,5023001,5023002,5023003,3,10,0,0,10,0,140,5,-9,140,10,0,0,0.02,-1,0,0,0,0,0,0,0,-1,0,0,0,0,0,1,0,0,0,0,100,100,100,100,100,100,0,45,0,0,254,254,254,254,0,0,0,0,0,0,0,1,0,0,0,0,0,0,0,1,0,1,0,0,0,0,0,0,100,0,0,0,0,0,-1,0,0,0,0,0,0,0,0,0,0,0,0,0,0,0,0,0,-1,0,-1,0,0,-1,-1,-1,-1,0,0,0,0,-1,0,0,-1,0,1,0,[0|0|0|0|0|0|0|0]
20002030,Shattershard Arrow [AOW] Enchanted Shot,5023830,5023001,5023002,5023003,3,10,0,0,10,3,280,5,-9,280,10,0,0.5,0.02,-1,0,0,0,0,0,0,0,-1,0,0,0,0,0,1,160,0,0,0,100,100,100,100,100,100,0,45,0,0,254,254,254,254,0,0,0,0,0,0,0,1,0,0,0,0,0,0,0,1,0,1,0,0,0,0,0,0,100,0,0,0,0,0,-1,0,0,0,0,0,0,0,0,0,0,0,0,0,0,0,0,0,-1,0,-1,0,0,-1,-1,-1,-1,0,0,0,0,-1,0,0,-1,0,1,0,[0|0|0|0|0|0|0|0]
20002050,Shattershard Arrow [AOW] Rain of Arrows,5023850,5023001,-1,-1,0.3,0,0,0,0,0,122.5,0,0,122.5,35,0,0,0.02,-1,0,0,0,0,0,0,0,-1,0,0,0,0,0,1,0,0,0,0,90,90,90,90,100,100,89,0,0,0,254,254,254,254,1,0,0,0,0,0,0,1,0,0,0,0,0,0,0,0,0,1,0,0,0,0,0,0,90,0,0,0,0,0,-1,0,0,0,0,0,0,0,0,0,0,0,0,0,0,0,0,0,-1,0,-1,0,0,-1,-1,-1,-1,0,0,0,0,-1,0,0,-1,0,1,0,[0|0|0|0|0|0|0|0]
20002051,Shattershard Arrow [AOW] Rain of Arrows,5099999,-1,-1,-1,0.05,70,0,0,0,0,0,0,0,0,0,0,0,0.1,-1,0,0,0,0.1,0,0,0,20002052,0,0,0,0,0,1,0,0,0,0,0,0,0,0,0,0,0,0,0,0,254,254,254,254,1,1,0,0,0,0,6,0,0,1,0,1,0,0,0,0,0,1,0,0,0,0,0,0,0,0,0,0,0,0,-1,0,0,0,0,0,0,0,0,0,0,0,0,0,0,0,0,0,-1,0,-1,0,0,-1,-1,-1,-1,0,0,0,0,-1,0,0,-1,0,1,0,[0|0|0|0|0|0|0|0]
20002052,Shattershard Arrow [AOW] Rain of Arrows,1,-1,-1,-1,0.85,20,0,0,0,0,15,5,0,20,15,0,0,0.25,1.5,0.12,0,0,0.1,0,0,0,20002053,0,0,0,0,0,6,0,0,0,0,0,0,0,0,0,0,90,0,0,0,254,254,254,254,1,1,0,0,0,0,0,0,0,0,0,1,0,0,0,0,0,1,0,0,0,0,0,0,0,0,0,0,0,0,-1,0,0,0,0,0,0,0,0,0,0,0,0,0,0,0,0,0,-1,0,-1,0,0,-1,-1,-1,-1,0,0,0,0,-1,0,0,-1,0,1,0,[0|0|0|0|0|0|0|0]
20002054,Shattershard Arrow [AOW] Rain of Arrows,5023850,5023001,5023002,5023003,1.1,0,0,0,0,0.5,80,0,0,80,80,0,0,0.05,1,0.2,0,0,0.1,0,0,0,-1,0,0,0,0,0,1,10,0,0,0,90,90,90,90,100,100,-90,0,0,0,254,254,254,254,0,0,0,0,0,0,0,1,0,0,0,1,0,0,0,1,0,1,0,0,0,0,0,0,90,0,0,0,60,30,-1,0,0,0,0,0,0,0,0,0,0,0,0,0,0,0,0,0,-1,0,-1,0,0,-1,-1,-1,-1,0,0,0,0,-1,0,0,-1,0,1,0,[0|0|0|0|0|0|0|0]
20002070,Shattershard Arrow [AOW] Through and Through,5023870,5023001,5023002,5023003,3,40,0,0,2.5,0,140,5,-5,140,10,0,0,0.02,-1,0,0,0,0,0,0,0,-1,0,0,0,0,0,1,0,0,0,0,90,90,90,90,100,100,0,45,0,0,254,254,254,254,1,0,0,0,0,0,0,1,0,0,0,0,0,0,0,1,0,1,0,0,0,0,0,0,90,0,0,0,0,0,-1,0,0,0,0,0,0,0,0,0,0,0,0,0,0,0,0,0,-1,0,-1,0,0,-1,-1,-1,-1,0,0,0,0,-1,0,0,-1,0,1,0,[0|0|0|0|0|0|0|0]
20002100,Spiritflame Arrow,5024300,5024001,5024002,5024003,3,30,0,0,6,0,140,5,-7,140,10,0,0,0.02,-1,0,0,0,0,0,0,0,-1,0,0,0,0,0,1,0,0,0,0,100,100,100,100,100,100,0,45,0,0,254,254,254,254,0,0,0,0,0,0,0,1,0,0,0,0,0,0,0,1,0,1,0,0,0,0,0,0,100,0,0,0,0,0,-1,0,0,0,0,0,0,0,0,0,0,0,0,0,0,0,0,0,-1,0,-1,0,0,-1,-1,-1,-1,0,0,0,0,-1,0,0,-1,0,1,0,[0|0|0|0|0|0|0|0]
20002111,Spiritflame Arrow [AOW] Mighty Shot,5024811,5024001,5024002,5024003,3,30,0,0,6,0,210,5,-7,210,10,0,0,0.02,-1,0,0,0,0,0,0,0,-1,0,0,0,0,0,1,0,0,0,0,100,100,100,100,100,100,0,25,0,0,254,254,254,254,0,0,0,0,0,0,0,1,0,0,0,0,0,0,0,1,0,1,0,0,0,0,0,0,100,0,0,0,0,0,-1,0,0,0,0,0,0,0,0,0,0,0,0,0,0,0,0,0,-1,0,-1,0,0,-1,-1,-1,-1,0,0,0,0,-1,0,0,-1,0,1,0,[0|0|0|0|0|0|0|0]
20002120,Spiritflame Arrow [AOW] Barrage,5024820,5024001,5024002,5024003,3,30,0,0,6,0,140,5,-7,140,10,0,0,0.02,-1,0,0,0,0,0,0,0,-1,0,0,0,0,0,1,0,0,0,0,100,100,100,100,100,100,0,45,0,0,254,254,254,254,0,0,0,0,0,0,0,1,0,0,0,0,0,0,0,1,0,1,0,0,0,0,0,0,100,0,0,0,0,0,-1,0,0,0,0,0,0,0,0,0,0,0,0,0,0,0,0,0,-1,0,-1,0,0,-1,-1,-1,-1,0,0,0,0,-1,0,0,-1,0,1,0,[0|0|0|0|0|0|0|0]
20002130,Spiritflame Arrow [AOW] Enchanted Shot,5024830,5024001,5024002,5024003,3,30,0,0,6,3,280,5,-7,280,10,0,0.5,0.02,-1,0,0,0,0,0,0,0,-1,0,0,0,0,0,1,160,0,0,0,100,100,100,100,100,100,0,45,0,0,254,254,254,254,0,0,0,0,0,0,0,1,0,0,0,0,0,0,0,1,0,1,0,0,0,0,0,0,100,0,0,0,0,0,-1,0,0,0,0,0,0,0,0,0,0,0,0,0,0,0,0,0,-1,0,-1,0,0,-1,-1,-1,-1,0,0,0,0,-1,0,0,-1,0,1,0,[0|0|0|0|0|0|0|0]
20002150,Spiritflame Arrow [AOW] Rain of Arrows,5024850,5024001,-1,-1,0.3,0,0,0,0,0,122.5,0,0,122.5,35,0,0,0.02,-1,0,0,0,0,0,0,0,-1,0,0,0,0,0,1,0,0,0,0,90,90,90,90,100,100,89,0,0,0,254,254,254,254,1,0,0,0,0,0,0,1,0,0,0,0,0,0,0,0,0,1,0,0,0,0,0,0,90,0,0,0,0,0,-1,0,0,0,0,0,0,0,0,0,0,0,0,0,0,0,0,0,-1,0,-1,0,0,-1,-1,-1,-1,0,0,0,0,-1,0,0,-1,0,1,0,[0|0|0|0|0|0|0|0]
20002151,Spiritflame Arrow [AOW] Rain of Arrows,5099999,-1,-1,-1,0.05,78,0,0,0,0,0,0,0,0,0,0,0,0.1,-1,0,0,0,0.1,0,0,0,20002152,0,0,0,0,0,1,0,0,0,0,0,0,0,0,0,0,0,0,0,0,254,254,254,254,1,1,0,0,0,0,6,0,0,1,0,1,0,0,0,0,0,1,0,0,0,0,0,0,0,0,0,0,0,0,-1,0,0,0,0,0,0,0,0,0,0,0,0,0,0,0,0,0,-1,0,-1,0,0,-1,-1,-1,-1,0,0,0,0,-1,0,0,-1,0,1,0,[0|0|0|0|0|0|0|0]
20002152,Spiritflame Arrow [AOW] Rain of Arrows,1,-1,-1,-1,0.85,20,0,0,0,0,15,5,0,20,15,0,0,0.25,1.5,0.12,0,0,0.1,0,0,0,20002153,0,0,0,0,0,6,0,0,0,0,0,0,0,0,0,0,90,0,0,0,254,254,254,254,1,1,0,0,0,0,0,0,0,0,0,1,0,0,0,0,0,1,0,0,0,0,0,0,0,0,0,0,0,0,-1,0,0,0,0,0,0,0,0,0,0,0,0,0,0,0,0,0,-1,0,-1,0,0,-1,-1,-1,-1,0,0,0,0,-1,0,0,-1,0,1,0,[0|0|0|0|0|0|0|0]
20002154,Spiritflame Arrow [AOW] Rain of Arrows,5024850,5024001,5024002,5024003,1.1,0,0,0,0,0.5,80,0,0,80,80,0,0,0.05,1,0.2,0,0,0.1,0,0,0,-1,0,0,0,0,0,1,10,0,0,0,90,90,90,90,100,100,-90,0,0,0,254,254,254,254,0,0,0,0,0,0,0,1,0,0,0,1,0,0,0,1,0,1,0,0,0,0,0,0,90,0,0,0,60,30,-1,0,0,0,0,0,0,0,0,0,0,0,0,0,0,0,0,0,-1,0,-1,0,0,-1,-1,-1,-1,0,0,0,0,-1,0,0,-1,0,1,0,[0|0|0|0|0|0|0|0]
20002170,Spiritflame Arrow [AOW] Through and Through,5024870,5024001,5024002,5024003,3,40,0,0,2.5,0,140,5,-5,140,10,0,0,0.02,-1,0,0,0,0,0,0,0,-1,0,0,0,0,0,1,0,0,0,0,90,90,90,90,100,100,0,45,0,0,254,254,254,254,1,0,0,0,0,0,0,1,0,0,0,0,0,0,0,1,0,1,0,0,0,0,0,0,90,0,0,0,0,0,-1,0,0,0,0,0,0,0,0,0,0,0,0,0,0,0,0,0,-1,0,-1,0,0,-1,-1,-1,-1,0,0,0,0,-1,0,0,-1,0,1,0,[0|0|0|0|0|0|0|0]
20002300,Magicbone Arrow (Fletched),5026300,5026001,5026002,5026003,3,30,0,0,6,0,140,5,-7,140,10,0,0,0.02,-1,0,0,0,0,0,0,0,-1,0,0,0,0,0,1,0,0,0,0,100,100,100,100,100,100,0,45,0,0,254,254,254,254,0,0,0,0,0,0,0,1,0,0,0,0,0,0,0,1,0,1,0,0,0,0,0,0,100,0,0,0,0,0,-1,0,0,0,0,0,0,0,0,0,0,0,0,0,0,0,0,0,-1,0,-1,0,0,-1,-1,-1,-1,0,0,0,0,-1,0,0,-1,0,1,0,[0|0|0|0|0|0|0|0]
20002311,Magicbone Arrow (Fletched) [AOW] Mighty Shot,5026811,5026001,5026002,5026003,3,30,0,0,6,0,210,5,-7,210,10,0,0,0.02,-1,0,0,0,0,0,0,0,-1,0,0,0,0,0,1,0,0,0,0,100,100,100,100,100,100,0,25,0,0,254,254,254,254,0,0,0,0,0,0,0,1,0,0,0,0,0,0,0,1,0,1,0,0,0,0,0,0,100,0,0,0,0,0,-1,0,0,0,0,0,0,0,0,0,0,0,0,0,0,0,0,0,-1,0,-1,0,0,-1,-1,-1,-1,0,0,0,0,-1,0,0,-1,0,1,0,[0|0|0|0|0|0|0|0]
20002320,Magicbone Arrow (Fletched) [AOW] Barrage,5026820,5026001,5026002,5026003,3,30,0,0,6,0,140,5,-7,140,10,0,0,0.02,-1,0,0,0,0,0,0,0,-1,0,0,0,0,0,1,0,0,0,0,100,100,100,100,100,100,0,45,0,0,254,254,254,254,0,0,0,0,0,0,0,1,0,0,0,0,0,0,0,1,0,1,0,0,0,0,0,0,100,0,0,0,0,0,-1,0,0,0,0,0,0,0,0,0,0,0,0,0,0,0,0,0,-1,0,-1,0,0,-1,-1,-1,-1,0,0,0,0,-1,0,0,-1,0,1,0,[0|0|0|0|0|0|0|0]
20002330,Magicbone Arrow (Fletched) [AOW] Enchanted Shot,5026830,5026001,5026002,5026003,3,30,0,0,6,3,280,5,-7,280,10,0,0.5,0.02,-1,0,0,0,0,0,0,0,-1,0,0,0,0,0,1,160,0,0,0,100,100,100,100,100,100,0,45,0,0,254,254,254,254,0,0,0,0,0,0,0,1,0,0,0,0,0,0,0,1,0,1,0,0,0,0,0,0,100,0,0,0,0,0,-1,0,0,0,0,0,0,0,0,0,0,0,0,0,0,0,0,0,-1,0,-1,0,0,-1,-1,-1,-1,0,0,0,0,-1,0,0,-1,0,1,0,[0|0|0|0|0|0|0|0]
20002350,Magicbone Arrow (Fletched) [AOW] Rain of Arrows,5026850,5026001,-1,-1,0.3,0,0,0,0,0,122.5,0,0,122.5,35,0,0,0.02,-1,0,0,0,0,0,0,0,-1,0,0,0,0,0,1,0,0,0,0,90,90,90,90,100,100,89,0,0,0,254,254,254,254,1,0,0,0,0,0,0,1,0,0,0,0,0,0,0,0,0,1,0,0,0,0,0,0,90,0,0,0,0,0,-1,0,0,0,0,0,0,0,0,0,0,0,0,0,0,0,0,0,-1,0,-1,0,0,-1,-1,-1,-1,0,0,0,0,-1,0,0,-1,0,1,0,[0|0|0|0|0|0|0|0]
20002351,Magicbone Arrow (Fletched) [AOW] Rain of Arrows,5099999,-1,-1,-1,0.05,78,0,0,0,0,0,0,0,0,0,0,0,0.1,-1,0,0,0,0.1,0,0,0,20002352,0,0,0,0,0,1,0,0,0,0,0,0,0,0,0,0,0,0,0,0,254,254,254,254,1,1,0,0,0,0,6,0,0,1,0,1,0,0,0,0,0,1,0,0,0,0,0,0,0,0,0,0,0,0,-1,0,0,0,0,0,0,0,0,0,0,0,0,0,0,0,0,0,-1,0,-1,0,0,-1,-1,-1,-1,0,0,0,0,-1,0,0,-1,0,1,0,[0|0|0|0|0|0|0|0]
20002352,Magicbone Arrow (Fletched) [AOW] Rain of Arrows,1,-1,-1,-1,0.85,20,0,0,0,0,15,5,0,20,15,0,0,0.25,1.5,0.12,0,0,0.1,0,0,0,20002353,0,0,0,0,0,6,0,0,0,0,0,0,0,0,0,0,90,0,0,0,254,254,254,254,1,1,0,0,0,0,0,0,0,0,0,1,0,0,0,0,0,1,0,0,0,0,0,0,0,0,0,0,0,0,-1,0,0,0,0,0,0,0,0,0,0,0,0,0,0,0,0,0,-1,0,-1,0,0,-1,-1,-1,-1,0,0,0,0,-1,0,0,-1,0,1,0,[0|0|0|0|0|0|0|0]
20002354,Magicbone Arrow (Fletched) [AOW] Rain of Arrows,5026850,5026001,5026002,5026003,1.1,0,0,0,0,0.5,80,0,0,80,80,0,0,0.05,1,0.2,0,0,0.1,0,0,0,-1,0,0,0,0,0,1,10,0,0,0,90,90,90,90,100,100,-90,0,0,0,254,254,254,254,0,0,0,0,0,0,0,1,0,0,0,1,0,0,0,1,0,1,0,0,0,0,0,0,90,0,0,0,60,30,-1,0,0,0,0,0,0,0,0,0,0,0,0,0,0,0,0,0,-1,0,-1,0,0,-1,-1,-1,-1,0,0,0,0,-1,0,0,-1,0,1,0,[0|0|0|0|0|0|0|0]
20002370,Magicbone Arrow (Fletched) [AOW] Through and Through,5026870,5026001,5026002,5026003,3,40,0,0,2.5,0,140,5,-5,140,10,0,0,0.02,-1,0,0,0,0,0,0,0,-1,0,0,0,0,0,1,0,0,0,0,90,90,90,90,100,100,0,45,0,0,254,254,254,254,1,0,0,0,0,0,0,1,0,0,0,0,0,0,0,1,0,1,0,0,0,0,0,0,90,0,0,0,0,0,-1,0,0,0,0,0,0,0,0,0,0,0,0,0,0,0,0,0,-1,0,-1,0,0,-1,-1,-1,-1,0,0,0,0,-1,0,0,-1,0,1,0,[0|0|0|0|0|0|0|0]
20002400,Magicbone Arrow,5027300,5027001,5027002,5027003,3,10,0,0,10,0,140,5,-9,140,10,0,0,0.02,-1,0,0,0,0,0,0,0,-1,0,0,0,0,0,1,0,0,0,0,100,100,100,100,100,100,0,45,0,0,254,254,254,254,0,0,0,0,0,0,0,1,0,0,0,0,0,0,0,1,0,1,0,0,0,0,0,0,100,0,0,0,0,0,-1,0,0,0,0,0,0,0,0,0,0,0,0,0,0,0,0,0,-1,0,-1,0,0,-1,-1,-1,-1,0,0,0,0,-1,0,0,-1,0,1,0,[0|0|0|0|0|0|0|0]
20002411,Magicbone Arrow [AOW] Mighty Shot,5027811,5027001,5027002,5027003,3,10,0,0,10,0,210,5,-9,210,10,0,0,0.02,-1,0,0,0,0,0,0,0,-1,0,0,0,0,0,1,0,0,0,0,100,100,100,100,100,100,0,25,0,0,254,254,254,254,0,0,0,0,0,0,0,1,0,0,0,0,0,0,0,1,0,1,0,0,0,0,0,0,100,0,0,0,0,0,-1,0,0,0,0,0,0,0,0,0,0,0,0,0,0,0,0,0,-1,0,-1,0,0,-1,-1,-1,-1,0,0,0,0,-1,0,0,-1,0,1,0,[0|0|0|0|0|0|0|0]
20002420,Magicbone Arrow [AOW] Barrage,5027820,5027001,5027002,5027003,3,10,0,0,10,0,140,5,-9,140,10,0,0,0.02,-1,0,0,0,0,0,0,0,-1,0,0,0,0,0,1,0,0,0,0,100,100,100,100,100,100,0,45,0,0,254,254,254,254,0,0,0,0,0,0,0,1,0,0,0,0,0,0,0,1,0,1,0,0,0,0,0,0,100,0,0,0,0,0,-1,0,0,0,0,0,0,0,0,0,0,0,0,0,0,0,0,0,-1,0,-1,0,0,-1,-1,-1,-1,0,0,0,0,-1,0,0,-1,0,1,0,[0|0|0|0|0|0|0|0]
20002430,Magicbone Arrow [AOW] Enchanted Shot,5027830,5027001,5027002,5027003,3,10,0,0,10,3,280,5,-9,280,10,0,0.5,0.02,-1,0,0,0,0,0,0,0,-1,0,0,0,0,0,1,160,0,0,0,100,100,100,100,100,100,0,45,0,0,254,254,254,254,0,0,0,0,0,0,0,1,0,0,0,0,0,0,0,1,0,1,0,0,0,0,0,0,100,0,0,0,0,0,-1,0,0,0,0,0,0,0,0,0,0,0,0,0,0,0,0,0,-1,0,-1,0,0,-1,-1,-1,-1,0,0,0,0,-1,0,0,-1,0,1,0,[0|0|0|0|0|0|0|0]
20002450,Magicbone Arrow [AOW] Rain of Arrows,5027850,5027001,-1,-1,0.3,0,0,0,0,0,122.5,0,0,122.5,35,0,0,0.02,-1,0,0,0,0,0,0,0,-1,0,0,0,0,0,1,0,0,0,0,90,90,90,90,100,100,89,0,0,0,254,254,254,254,1,0,0,0,0,0,0,1,0,0,0,0,0,0,0,0,0,1,0,0,0,0,0,0,90,0,0,0,0,0,-1,0,0,0,0,0,0,0,0,0,0,0,0,0,0,0,0,0,-1,0,-1,0,0,-1,-1,-1,-1,0,0,0,0,-1,0,0,-1,0,1,0,[0|0|0|0|0|0|0|0]
20002451,Magicbone Arrow [AOW] Rain of Arrows,5099999,-1,-1,-1,0.05,70,0,0,0,0,0,0,0,0,0,0,0,0.1,-1,0,0,0,0.1,0,0,0,20002452,0,0,0,0,0,1,0,0,0,0,0,0,0,0,0,0,0,0,0,0,254,254,254,254,1,1,0,0,0,0,6,0,0,1,0,1,0,0,0,0,0,1,0,0,0,0,0,0,0,0,0,0,0,0,-1,0,0,0,0,0,0,0,0,0,0,0,0,0,0,0,0,0,-1,0,-1,0,0,-1,-1,-1,-1,0,0,0,0,-1,0,0,-1,0,1,0,[0|0|0|0|0|0|0|0]
20002452,Magicbone Arrow [AOW] Rain of Arrows,1,-1,-1,-1,0.85,20,0,0,0,0,15,5,0,20,15,0,0,0.25,1.5,0.12,0,0,0.1,0,0,0,20002453,0,0,0,0,0,6,0,0,0,0,0,0,0,0,0,0,90,0,0,0,254,254,254,254,1,1,0,0,0,0,0,0,0,0,0,1,0,0,0,0,0,1,0,0,0,0,0,0,0,0,0,0,0,0,-1,0,0,0,0,0,0,0,0,0,0,0,0,0,0,0,0,0,-1,0,-1,0,0,-1,-1,-1,-1,0,0,0,0,-1,0,0,-1,0,1,0,[0|0|0|0|0|0|0|0]
20002454,Magicbone Arrow [AOW] Rain of Arrows,5027850,5027001,5027002,5027003,1.1,0,0,0,0,0.5,80,0,0,80,80,0,0,0.05,1,0.2,0,0,0.1,0,0,0,-1,0,0,0,0,0,1,10,0,0,0,90,90,90,90,100,100,-90,0,0,0,254,254,254,254,0,0,0,0,0,0,0,1,0,0,0,1,0,0,0,1,0,1,0,0,0,0,0,0,90,0,0,0,60,30,-1,0,0,0,0,0,0,0,0,0,0,0,0,0,0,0,0,0,-1,0,-1,0,0,-1,-1,-1,-1,0,0,0,0,-1,0,0,-1,0,1,0,[0|0|0|0|0|0|0|0]
20002470,Magicbone Arrow [AOW] Through and Through,5027870,5027001,5027002,5027003,3,40,0,0,2.5,0,140,5,-5,140,10,0,0,0.02,-1,0,0,0,0,0,0,0,-1,0,0,0,0,0,1,0,0,0,0,90,90,90,90,100,100,0,45,0,0,254,254,254,254,1,0,0,0,0,0,0,1,0,0,0,0,0,0,0,1,0,1,0,0,0,0,0,0,90,0,0,0,0,0,-1,0,0,0,0,0,0,0,0,0,0,0,0,0,0,0,0,0,-1,0,-1,0,0,-1,-1,-1,-1,0,0,0,0,-1,0,0,-1,0,1,0,[0|0|0|0|0|0|0|0]
20002500,Haligbone Arrow (Fletched),5028300,5028001,5028002,5028003,3,30,0,0,6,0,140,5,-7,140,10,0,0,0.02,-1,0,0,0,0,0,0,0,-1,0,0,0,0,0,1,0,0,0,0,100,100,100,100,100,100,0,45,0,0,254,254,254,254,0,0,0,0,0,0,0,1,0,0,0,0,0,0,0,1,0,1,0,0,0,0,0,0,100,0,0,0,0,0,-1,0,0,0,0,0,0,0,0,0,0,0,0,0,0,0,0,0,-1,0,-1,0,0,-1,-1,-1,-1,0,0,0,0,-1,0,0,-1,0,1,0,[0|0|0|0|0|0|0|0]
20002511,Haligbone Arrow (Fletched) [AOW] Mighty Shot,5028811,5028001,5028002,5028003,3,30,0,0,6,0,210,5,-7,210,10,0,0,0.02,-1,0,0,0,0,0,0,0,-1,0,0,0,0,0,1,0,0,0,0,100,100,100,100,100,100,0,25,0,0,254,254,254,254,0,0,0,0,0,0,0,1,0,0,0,0,0,0,0,1,0,1,0,0,0,0,0,0,100,0,0,0,0,0,-1,0,0,0,0,0,0,0,0,0,0,0,0,0,0,0,0,0,-1,0,-1,0,0,-1,-1,-1,-1,0,0,0,0,-1,0,0,-1,0,1,0,[0|0|0|0|0|0|0|0]
20002520,Haligbone Arrow (Fletched) [AOW] Barrage,5028820,5028001,5028002,5028003,3,30,0,0,6,0,140,5,-7,140,10,0,0,0.02,-1,0,0,0,0,0,0,0,-1,0,0,0,0,0,1,0,0,0,0,100,100,100,100,100,100,0,45,0,0,254,254,254,254,0,0,0,0,0,0,0,1,0,0,0,0,0,0,0,1,0,1,0,0,0,0,0,0,100,0,0,0,0,0,-1,0,0,0,0,0,0,0,0,0,0,0,0,0,0,0,0,0,-1,0,-1,0,0,-1,-1,-1,-1,0,0,0,0,-1,0,0,-1,0,1,0,[0|0|0|0|0|0|0|0]
20002530,Haligbone Arrow (Fletched) [AOW] Enchanted Shot,5028830,5028001,5028002,5028003,3,30,0,0,6,3,280,5,-7,280,10,0,0.5,0.02,-1,0,0,0,0,0,0,0,-1,0,0,0,0,0,1,160,0,0,0,100,100,100,100,100,100,0,45,0,0,254,254,254,254,0,0,0,0,0,0,0,1,0,0,0,0,0,0,0,1,0,1,0,0,0,0,0,0,100,0,0,0,0,0,-1,0,0,0,0,0,0,0,0,0,0,0,0,0,0,0,0,0,-1,0,-1,0,0,-1,-1,-1,-1,0,0,0,0,-1,0,0,-1,0,1,0,[0|0|0|0|0|0|0|0]
20002550,Haligbone Arrow (Fletched) [AOW] Rain of Arrows,5028850,5028001,-1,-1,0.3,0,0,0,0,0,122.5,0,0,122.5,35,0,0,0.02,-1,0,0,0,0,0,0,0,-1,0,0,0,0,0,1,0,0,0,0,90,90,90,90,100,100,89,0,0,0,254,254,254,254,1,0,0,0,0,0,0,1,0,0,0,0,0,0,0,0,0,1,0,0,0,0,0,0,90,0,0,0,0,0,-1,0,0,0,0,0,0,0,0,0,0,0,0,0,0,0,0,0,-1,0,-1,0,0,-1,-1,-1,-1,0,0,0,0,-1,0,0,-1,0,1,0,[0|0|0|0|0|0|0|0]
20002551,Haligbone Arrow (Fletched) [AOW] Rain of Arrows,5099999,-1,-1,-1,0.05,78,0,0,0,0,0,0,0,0,0,0,0,0.1,-1,0,0,0,0.1,0,0,0,20002552,0,0,0,0,0,1,0,0,0,0,0,0,0,0,0,0,0,0,0,0,254,254,254,254,1,1,0,0,0,0,6,0,0,1,0,1,0,0,0,0,0,1,0,0,0,0,0,0,0,0,0,0,0,0,-1,0,0,0,0,0,0,0,0,0,0,0,0,0,0,0,0,0,-1,0,-1,0,0,-1,-1,-1,-1,0,0,0,0,-1,0,0,-1,0,1,0,[0|0|0|0|0|0|0|0]
20002552,Haligbone Arrow (Fletched) [AOW] Rain of Arrows,1,-1,-1,-1,0.85,20,0,0,0,0,15,5,0,20,15,0,0,0.25,1.5,0.12,0,0,0.1,0,0,0,20002553,0,0,0,0,0,6,0,0,0,0,0,0,0,0,0,0,90,0,0,0,254,254,254,254,1,1,0,0,0,0,0,0,0,0,0,1,0,0,0,0,0,1,0,0,0,0,0,0,0,0,0,0,0,0,-1,0,0,0,0,0,0,0,0,0,0,0,0,0,0,0,0,0,-1,0,-1,0,0,-1,-1,-1,-1,0,0,0,0,-1,0,0,-1,0,1,0,[0|0|0|0|0|0|0|0]
20002554,Haligbone Arrow (Fletched) [AOW] Rain of Arrows,5028850,5028001,5028002,5028003,1.1,0,0,0,0,0.5,80,0,0,80,80,0,0,0.05,1,0.2,0,0,0.1,0,0,0,-1,0,0,0,0,0,1,10,0,0,0,90,90,90,90,100,100,-90,0,0,0,254,254,254,254,0,0,0,0,0,0,0,1,0,0,0,1,0,0,0,1,0,1,0,0,0,0,0,0,90,0,0,0,60,30,-1,0,0,0,0,0,0,0,0,0,0,0,0,0,0,0,0,0,-1,0,-1,0,0,-1,-1,-1,-1,0,0,0,0,-1,0,0,-1,0,1,0,[0|0|0|0|0|0|0|0]
20002570,Haligbone Arrow (Fletched) [AOW] Through and Through,5028870,5028001,5028002,5028003,3,40,0,0,2.5,0,140,5,-5,140,10,0,0,0.02,-1,0,0,0,0,0,0,0,-1,0,0,0,0,0,1,0,0,0,0,90,90,90,90,100,100,0,45,0,0,254,254,254,254,1,0,0,0,0,0,0,1,0,0,0,0,0,0,0,1,0,1,0,0,0,0,0,0,90,0,0,0,0,0,-1,0,0,0,0,0,0,0,0,0,0,0,0,0,0,0,0,0,-1,0,-1,0,0,-1,-1,-1,-1,0,0,0,0,-1,0,0,-1,0,1,0,[0|0|0|0|0|0|0|0]
20002600,Haligbone Arrow,5029300,5029001,5029002,5029003,3,10,0,0,10,0,140,5,-9,140,10,0,0,0.02,-1,0,0,0,0,0,0,0,-1,0,0,0,0,0,1,0,0,0,0,100,100,100,100,100,100,0,45,0,0,254,254,254,254,0,0,0,0,0,0,0,1,0,0,0,0,0,0,0,1,0,1,0,0,0,0,0,0,100,0,0,0,0,0,-1,0,0,0,0,0,0,0,0,0,0,0,0,0,0,0,0,0,-1,0,-1,0,0,-1,-1,-1,-1,0,0,0,0,-1,0,0,-1,0,1,0,[0|0|0|0|0|0|0|0]
20002611,Haligbone Arrow [AOW] Mighty Shot,5029811,5029001,5029002,5029003,3,10,0,0,10,0,210,5,-9,210,10,0,0,0.02,-1,0,0,0,0,0,0,0,-1,0,0,0,0,0,1,0,0,0,0,100,100,100,100,100,100,0,25,0,0,254,254,254,254,0,0,0,0,0,0,0,1,0,0,0,0,0,0,0,1,0,1,0,0,0,0,0,0,100,0,0,0,0,0,-1,0,0,0,0,0,0,0,0,0,0,0,0,0,0,0,0,0,-1,0,-1,0,0,-1,-1,-1,-1,0,0,0,0,-1,0,0,-1,0,1,0,[0|0|0|0|0|0|0|0]
20002620,Haligbone Arrow [AOW] Barrage,5029820,5029001,5029002,5029003,3,10,0,0,10,0,140,5,-9,140,10,0,0,0.02,-1,0,0,0,0,0,0,0,-1,0,0,0,0,0,1,0,0,0,0,100,100,100,100,100,100,0,45,0,0,254,254,254,254,0,0,0,0,0,0,0,1,0,0,0,0,0,0,0,1,0,1,0,0,0,0,0,0,100,0,0,0,0,0,-1,0,0,0,0,0,0,0,0,0,0,0,0,0,0,0,0,0,-1,0,-1,0,0,-1,-1,-1,-1,0,0,0,0,-1,0,0,-1,0,1,0,[0|0|0|0|0|0|0|0]
20002630,Haligbone Arrow [AOW] Enchanted Shot,5029830,5029001,5029002,5029003,3,10,0,0,10,3,280,5,-9,280,10,0,0.5,0.02,-1,0,0,0,0,0,0,0,-1,0,0,0,0,0,1,160,0,0,0,100,100,100,100,100,100,0,45,0,0,254,254,254,254,0,0,0,0,0,0,0,1,0,0,0,0,0,0,0,1,0,1,0,0,0,0,0,0,100,0,0,0,0,0,-1,0,0,0,0,0,0,0,0,0,0,0,0,0,0,0,0,0,-1,0,-1,0,0,-1,-1,-1,-1,0,0,0,0,-1,0,0,-1,0,1,0,[0|0|0|0|0|0|0|0]
20002650,Haligbone Arrow [AOW] Rain of Arrows,5029850,5029001,-1,-1,0.3,0,0,0,0,0,122.5,0,0,122.5,35,0,0,0.02,-1,0,0,0,0,0,0,0,-1,0,0,0,0,0,1,0,0,0,0,90,90,90,90,100,100,89,0,0,0,254,254,254,254,1,0,0,0,0,0,0,1,0,0,0,0,0,0,0,0,0,1,0,0,0,0,0,0,90,0,0,0,0,0,-1,0,0,0,0,0,0,0,0,0,0,0,0,0,0,0,0,0,-1,0,-1,0,0,-1,-1,-1,-1,0,0,0,0,-1,0,0,-1,0,1,0,[0|0|0|0|0|0|0|0]
20002651,Haligbone Arrow [AOW] Rain of Arrows,5099999,-1,-1,-1,0.05,70,0,0,0,0,0,0,0,0,0,0,0,0.1,-1,0,0,0,0.1,0,0,0,20002652,0,0,0,0,0,1,0,0,0,0,0,0,0,0,0,0,0,0,0,0,254,254,254,254,1,1,0,0,0,0,6,0,0,1,0,1,0,0,0,0,0,1,0,0,0,0,0,0,0,0,0,0,0,0,-1,0,0,0,0,0,0,0,0,0,0,0,0,0,0,0,0,0,-1,0,-1,0,0,-1,-1,-1,-1,0,0,0,0,-1,0,0,-1,0,1,0,[0|0|0|0|0|0|0|0]
20002652,Haligbone Arrow [AOW] Rain of Arrows,1,-1,-1,-1,0.85,20,0,0,0,0,15,5,0,20,15,0,0,0.25,1.5,0.12,0,0,0.1,0,0,0,20002653,0,0,0,0,0,6,0,0,0,0,0,0,0,0,0,0,90,0,0,0,254,254,254,254,1,1,0,0,0,0,0,0,0,0,0,1,0,0,0,0,0,1,0,0,0,0,0,0,0,0,0,0,0,0,-1,0,0,0,0,0,0,0,0,0,0,0,0,0,0,0,0,0,-1,0,-1,0,0,-1,-1,-1,-1,0,0,0,0,-1,0,0,-1,0,1,0,[0|0|0|0|0|0|0|0]
20002654,Haligbone Arrow [AOW] Rain of Arrows,5029850,5029001,5029002,5029003,1.1,0,0,0,0,0.5,80,0,0,80,80,0,0,0.05,1,0.2,0,0,0.1,0,0,0,-1,0,0,0,0,0,1,10,0,0,0,90,90,90,90,100,100,-90,0,0,0,254,254,254,254,0,0,0,0,0,0,0,1,0,0,0,1,0,0,0,1,0,1,0,0,0,0,0,0,90,0,0,0,60,30,-1,0,0,0,0,0,0,0,0,0,0,0,0,0,0,0,0,0,-1,0,-1,0,0,-1,-1,-1,-1,0,0,0,0,-1,0,0,-1,0,1,0,[0|0|0|0|0|0|0|0]
20002670,Haligbone Arrow [AOW] Through and Through,5029870,5029001,5029002,5029003,3,40,0,0,2.5,0,140,5,-5,140,10,0,0,0.02,-1,0,0,0,0,0,0,0,-1,0,0,0,0,0,1,0,0,0,0,90,90,90,90,100,100,0,45,0,0,254,254,254,254,1,0,0,0,0,0,0,1,0,0,0,0,0,0,0,1,0,1,0,0,0,0,0,0,90,0,0,0,0,0,-1,0,0,0,0,0,0,0,0,0,0,0,0,0,0,0,0,0,-1,0,-1,0,0,-1,-1,-1,-1,0,0,0,0,-1,0,0,-1,0,1,0,[0|0|0|0|0|0|0|0]
20002700,Bloodbone Arrow (Fletched),5030300,5030001,5030002,5030003,3,30,0,0,6,0,140,5,-7,140,10,0,0,0.02,-1,0,0,0,0,0,0,0,-1,0,0,0,0,0,1,0,0,0,0,100,100,100,100,100,100,0,45,0,0,254,254,254,254,0,0,0,0,0,0,0,1,0,0,0,0,0,0,0,1,0,1,0,0,0,0,0,0,100,0,0,0,0,0,-1,0,0,0,0,0,0,0,0,0,0,0,0,0,0,0,0,0,-1,0,-1,0,0,-1,-1,-1,-1,0,0,0,0,-1,0,0,-1,0,1,0,[0|0|0|0|0|0|0|0]
20002711,Bloodbone Arrow (Fletched) [AOW] Mighty Shot,5030811,5030001,5030002,5030003,3,30,0,0,6,0,210,5,-7,210,10,0,0,0.02,-1,0,0,0,0,0,0,0,-1,0,0,0,0,0,1,0,0,0,0,100,100,100,100,100,100,0,25,0,0,254,254,254,254,0,0,0,0,0,0,0,1,0,0,0,0,0,0,0,1,0,1,0,0,0,0,0,0,100,0,0,0,0,0,-1,0,0,0,0,0,0,0,0,0,0,0,0,0,0,0,0,0,-1,0,-1,0,0,-1,-1,-1,-1,0,0,0,0,-1,0,0,-1,0,1,0,[0|0|0|0|0|0|0|0]
20002720,Bloodbone Arrow (Fletched) [AOW] Barrage,5030820,5030001,5030002,5030003,3,30,0,0,6,0,140,5,-7,140,10,0,0,0.02,-1,0,0,0,0,0,0,0,-1,0,0,0,0,0,1,0,0,0,0,100,100,100,100,100,100,0,45,0,0,254,254,254,254,0,0,0,0,0,0,0,1,0,0,0,0,0,0,0,1,0,1,0,0,0,0,0,0,100,0,0,0,0,0,-1,0,0,0,0,0,0,0,0,0,0,0,0,0,0,0,0,0,-1,0,-1,0,0,-1,-1,-1,-1,0,0,0,0,-1,0,0,-1,0,1,0,[0|0|0|0|0|0|0|0]
20002730,Bloodbone Arrow (Fletched) [AOW] Enchanted Shot,5030830,5030001,5030002,5030003,3,30,0,0,6,3,280,5,-7,280,10,0,0.5,0.02,-1,0,0,0,0,0,0,0,-1,0,0,0,0,0,1,160,0,0,0,100,100,100,100,100,100,0,45,0,0,254,254,254,254,0,0,0,0,0,0,0,1,0,0,0,0,0,0,0,1,0,1,0,0,0,0,0,0,100,0,0,0,0,0,-1,0,0,0,0,0,0,0,0,0,0,0,0,0,0,0,0,0,-1,0,-1,0,0,-1,-1,-1,-1,0,0,0,0,-1,0,0,-1,0,1,0,[0|0|0|0|0|0|0|0]
20002750,Bloodbone Arrow (Fletched) [AOW] Rain of Arrows,5030850,5030001,-1,-1,0.3,0,0,0,0,0,122.5,0,0,122.5,35,0,0,0.02,-1,0,0,0,0,0,0,0,-1,0,0,0,0,0,1,0,0,0,0,90,90,90,90,100,100,89,0,0,0,254,254,254,254,1,0,0,0,0,0,0,1,0,0,0,0,0,0,0,0,0,1,0,0,0,0,0,0,90,0,0,0,0,0,-1,0,0,0,0,0,0,0,0,0,0,0,0,0,0,0,0,0,-1,0,-1,0,0,-1,-1,-1,-1,0,0,0,0,-1,0,0,-1,0,1,0,[0|0|0|0|0|0|0|0]
20002751,Bloodbone Arrow (Fletched) [AOW] Rain of Arrows,5099999,-1,-1,-1,0.05,78,0,0,0,0,0,0,0,0,0,0,0,0.1,-1,0,0,0,0.1,0,0,0,20002752,0,0,0,0,0,1,0,0,0,0,0,0,0,0,0,0,0,0,0,0,254,254,254,254,1,1,0,0,0,0,6,0,0,1,0,1,0,0,0,0,0,1,0,0,0,0,0,0,0,0,0,0,0,0,-1,0,0,0,0,0,0,0,0,0,0,0,0,0,0,0,0,0,-1,0,-1,0,0,-1,-1,-1,-1,0,0,0,0,-1,0,0,-1,0,1,0,[0|0|0|0|0|0|0|0]
20002752,Bloodbone Arrow (Fletched) [AOW] Rain of Arrows,1,-1,-1,-1,0.85,20,0,0,0,0,15,5,0,20,15,0,0,0.25,1.5,0.12,0,0,0.1,0,0,0,20002753,0,0,0,0,0,6,0,0,0,0,0,0,0,0,0,0,90,0,0,0,254,254,254,254,1,1,0,0,0,0,0,0,0,0,0,1,0,0,0,0,0,1,0,0,0,0,0,0,0,0,0,0,0,0,-1,0,0,0,0,0,0,0,0,0,0,0,0,0,0,0,0,0,-1,0,-1,0,0,-1,-1,-1,-1,0,0,0,0,-1,0,0,-1,0,1,0,[0|0|0|0|0|0|0|0]
20002754,Bloodbone Arrow (Fletched) [AOW] Rain of Arrows,5030850,5030001,5030002,5030003,1.1,0,0,0,0,0.5,80,0,0,80,80,0,0,0.05,1,0.2,0,0,0.1,0,0,0,-1,0,0,0,0,0,1,10,0,0,0,90,90,90,90,100,100,-90,0,0,0,254,254,254,254,0,0,0,0,0,0,0,1,0,0,0,1,0,0,0,1,0,1,0,0,0,0,0,0,90,0,0,0,60,30,-1,0,0,0,0,0,0,0,0,0,0,0,0,0,0,0,0,0,-1,0,-1,0,0,-1,-1,-1,-1,0,0,0,0,-1,0,0,-1,0,1,0,[0|0|0|0|0|0|0|0]
20002770,Bloodbone Arrow (Fletched) [AOW] Through and Through,5030870,5030001,5030002,5030003,3,40,0,0,2.5,0,140,5,-5,140,10,0,0,0.02,-1,0,0,0,0,0,0,0,-1,0,0,0,0,0,1,0,0,0,0,90,90,90,90,100,100,0,45,0,0,254,254,254,254,1,0,0,0,0,0,0,1,0,0,0,0,0,0,0,1,0,1,0,0,0,0,0,0,90,0,0,0,0,0,-1,0,0,0,0,0,0,0,0,0,0,0,0,0,0,0,0,0,-1,0,-1,0,0,-1,-1,-1,-1,0,0,0,0,-1,0,0,-1,0,1,0,[0|0|0|0|0|0|0|0]
20002800,Bloodbone Arrow,5031300,5031001,5031002,5031003,3,10,0,0,10,0,140,5,-9,140,10,0,0,0.02,-1,0,0,0,0,0,0,0,-1,0,0,0,0,0,1,0,0,0,0,100,100,100,100,100,100,0,45,0,0,254,254,254,254,0,0,0,0,0,0,0,1,0,0,0,0,0,0,0,1,0,1,0,0,0,0,0,0,100,0,0,0,0,0,-1,0,0,0,0,0,0,0,0,0,0,0,0,0,0,0,0,0,-1,0,-1,0,0,-1,-1,-1,-1,0,0,0,0,-1,0,0,-1,0,1,0,[0|0|0|0|0|0|0|0]
20002811,Bloodbone Arrow [AOW] Mighty Shot,5031811,5031001,5031002,5031003,3,10,0,0,10,0,210,5,-9,210,10,0,0,0.02,-1,0,0,0,0,0,0,0,-1,0,0,0,0,0,1,0,0,0,0,100,100,100,100,100,100,0,25,0,0,254,254,254,254,0,0,0,0,0,0,0,1,0,0,0,0,0,0,0,1,0,1,0,0,0,0,0,0,100,0,0,0,0,0,-1,0,0,0,0,0,0,0,0,0,0,0,0,0,0,0,0,0,-1,0,-1,0,0,-1,-1,-1,-1,0,0,0,0,-1,0,0,-1,0,1,0,[0|0|0|0|0|0|0|0]
20002820,Bloodbone Arrow [AOW] Barrage,5031820,5031001,5031002,5031003,3,10,0,0,10,0,140,5,-9,140,10,0,0,0.02,-1,0,0,0,0,0,0,0,-1,0,0,0,0,0,1,0,0,0,0,100,100,100,100,100,100,0,45,0,0,254,254,254,254,0,0,0,0,0,0,0,1,0,0,0,0,0,0,0,1,0,1,0,0,0,0,0,0,100,0,0,0,0,0,-1,0,0,0,0,0,0,0,0,0,0,0,0,0,0,0,0,0,-1,0,-1,0,0,-1,-1,-1,-1,0,0,0,0,-1,0,0,-1,0,1,0,[0|0|0|0|0|0|0|0]
20002830,Bloodbone Arrow [AOW] Enchanted Shot,5031830,5031001,5031002,5031003,3,10,0,0,10,3,280,5,-9,280,10,0,0.5,0.02,-1,0,0,0,0,0,0,0,-1,0,0,0,0,0,1,160,0,0,0,100,100,100,100,100,100,0,45,0,0,254,254,254,254,0,0,0,0,0,0,0,1,0,0,0,0,0,0,0,1,0,1,0,0,0,0,0,0,100,0,0,0,0,0,-1,0,0,0,0,0,0,0,0,0,0,0,0,0,0,0,0,0,-1,0,-1,0,0,-1,-1,-1,-1,0,0,0,0,-1,0,0,-1,0,1,0,[0|0|0|0|0|0|0|0]
20002850,Bloodbone Arrow [AOW] Rain of Arrows,5031850,5031001,-1,-1,0.3,0,0,0,0,0,122.5,0,0,122.5,35,0,0,0.02,-1,0,0,0,0,0,0,0,-1,0,0,0,0,0,1,0,0,0,0,90,90,90,90,100,100,89,0,0,0,254,254,254,254,1,0,0,0,0,0,0,1,0,0,0,0,0,0,0,0,0,1,0,0,0,0,0,0,90,0,0,0,0,0,-1,0,0,0,0,0,0,0,0,0,0,0,0,0,0,0,0,0,-1,0,-1,0,0,-1,-1,-1,-1,0,0,0,0,-1,0,0,-1,0,1,0,[0|0|0|0|0|0|0|0]
20002851,Bloodbone Arrow [AOW] Rain of Arrows,5099999,-1,-1,-1,0.05,70,0,0,0,0,0,0,0,0,0,0,0,0.1,-1,0,0,0,0.1,0,0,0,20002852,0,0,0,0,0,1,0,0,0,0,0,0,0,0,0,0,0,0,0,0,254,254,254,254,1,1,0,0,0,0,6,0,0,1,0,1,0,0,0,0,0,1,0,0,0,0,0,0,0,0,0,0,0,0,-1,0,0,0,0,0,0,0,0,0,0,0,0,0,0,0,0,0,-1,0,-1,0,0,-1,-1,-1,-1,0,0,0,0,-1,0,0,-1,0,1,0,[0|0|0|0|0|0|0|0]
20002852,Bloodbone Arrow [AOW] Rain of Arrows,1,-1,-1,-1,0.85,20,0,0,0,0,15,5,0,20,15,0,0,0.25,1.5,0.12,0,0,0.1,0,0,0,20002853,0,0,0,0,0,6,0,0,0,0,0,0,0,0,0,0,90,0,0,0,254,254,254,254,1,1,0,0,0,0,0,0,0,0,0,1,0,0,0,0,0,1,0,0,0,0,0,0,0,0,0,0,0,0,-1,0,0,0,0,0,0,0,0,0,0,0,0,0,0,0,0,0,-1,0,-1,0,0,-1,-1,-1,-1,0,0,0,0,-1,0,0,-1,0,1,0,[0|0|0|0|0|0|0|0]
20002854,Bloodbone Arrow [AOW] Rain of Arrows,5031850,5031001,5031002,5031003,1.1,0,0,0,0,0.5,80,0,0,80,80,0,0,0.05,1,0.2,0,0,0.1,0,0,0,-1,0,0,0,0,0,1,10,0,0,0,90,90,90,90,100,100,-90,0,0,0,254,254,254,254,0,0,0,0,0,0,0,1,0,0,0,1,0,0,0,1,0,1,0,0,0,0,0,0,90,0,0,0,60,30,-1,0,0,0,0,0,0,0,0,0,0,0,0,0,0,0,0,0,-1,0,-1,0,0,-1,-1,-1,-1,0,0,0,0,-1,0,0,-1,0,1,0,[0|0|0|0|0|0|0|0]
20002870,Bloodbone Arrow [AOW] Through and Through,5031870,5031001,5031002,5031003,3,40,0,0,2.5,0,140,5,-5,140,10,0,0,0.02,-1,0,0,0,0,0,0,0,-1,0,0,0,0,0,1,0,0,0,0,90,90,90,90,100,100,0,45,0,0,254,254,254,254,1,0,0,0,0,0,0,1,0,0,0,0,0,0,0,1,0,1,0,0,0,0,0,0,90,0,0,0,0,0,-1,0,0,0,0,0,0,0,0,0,0,0,0,0,0,0,0,0,-1,0,-1,0,0,-1,-1,-1,-1,0,0,0,0,-1,0,0,-1,0,1,0,[0|0|0|0|0|0|0|0]
20002900,Coldbone Arrow (Fletched),5032300,5032001,5032002,5032003,3,30,0,0,6,0,140,5,-7,140,10,0,0,0.02,-1,0,0,0,0,0,0,0,-1,0,0,0,0,0,1,0,0,0,0,100,100,100,100,100,100,0,45,0,0,254,254,254,254,0,0,0,0,0,0,0,1,0,0,0,0,0,0,0,1,0,1,0,0,0,0,0,0,100,0,0,0,0,0,-1,0,0,0,0,0,0,0,0,0,0,0,0,0,0,0,0,0,-1,0,-1,0,0,-1,-1,-1,-1,0,0,0,0,-1,0,0,-1,0,1,0,[0|0|0|0|0|0|0|0]
20002911,Coldbone Arrow (Fletched) [AOW] Mighty Shot,5032811,5032001,5032002,5032003,3,30,0,0,6,0,210,5,-7,210,10,0,0,0.02,-1,0,0,0,0,0,0,0,-1,0,0,0,0,0,1,0,0,0,0,100,100,100,100,100,100,0,25,0,0,254,254,254,254,0,0,0,0,0,0,0,1,0,0,0,0,0,0,0,1,0,1,0,0,0,0,0,0,100,0,0,0,0,0,-1,0,0,0,0,0,0,0,0,0,0,0,0,0,0,0,0,0,-1,0,-1,0,0,-1,-1,-1,-1,0,0,0,0,-1,0,0,-1,0,1,0,[0|0|0|0|0|0|0|0]
20002920,Coldbone Arrow (Fletched) [AOW] Barrage,5032820,5032001,5032002,5032003,3,30,0,0,6,0,140,5,-7,140,10,0,0,0.02,-1,0,0,0,0,0,0,0,-1,0,0,0,0,0,1,0,0,0,0,100,100,100,100,100,100,0,45,0,0,254,254,254,254,0,0,0,0,0,0,0,1,0,0,0,0,0,0,0,1,0,1,0,0,0,0,0,0,100,0,0,0,0,0,-1,0,0,0,0,0,0,0,0,0,0,0,0,0,0,0,0,0,-1,0,-1,0,0,-1,-1,-1,-1,0,0,0,0,-1,0,0,-1,0,1,0,[0|0|0|0|0|0|0|0]
20002930,Coldbone Arrow (Fletched) [AOW] Enchanted Shot,5032830,5032001,5032002,5032003,3,30,0,0,6,3,280,5,-7,280,10,0,0.5,0.02,-1,0,0,0,0,0,0,0,-1,0,0,0,0,0,1,160,0,0,0,100,100,100,100,100,100,0,45,0,0,254,254,254,254,0,0,0,0,0,0,0,1,0,0,0,0,0,0,0,1,0,1,0,0,0,0,0,0,100,0,0,0,0,0,-1,0,0,0,0,0,0,0,0,0,0,0,0,0,0,0,0,0,-1,0,-1,0,0,-1,-1,-1,-1,0,0,0,0,-1,0,0,-1,0,1,0,[0|0|0|0|0|0|0|0]
20002950,Coldbone Arrow (Fletched) [AOW] Rain of Arrows,5032850,5032001,-1,-1,0.3,0,0,0,0,0,122.5,0,0,122.5,35,0,0,0.02,-1,0,0,0,0,0,0,0,-1,0,0,0,0,0,1,0,0,0,0,90,90,90,90,100,100,89,0,0,0,254,254,254,254,1,0,0,0,0,0,0,1,0,0,0,0,0,0,0,0,0,1,0,0,0,0,0,0,90,0,0,0,0,0,-1,0,0,0,0,0,0,0,0,0,0,0,0,0,0,0,0,0,-1,0,-1,0,0,-1,-1,-1,-1,0,0,0,0,-1,0,0,-1,0,1,0,[0|0|0|0|0|0|0|0]
20002951,Coldbone Arrow (Fletched) [AOW] Rain of Arrows,5099999,-1,-1,-1,0.05,78,0,0,0,0,0,0,0,0,0,0,0,0.1,-1,0,0,0,0.1,0,0,0,20002952,0,0,0,0,0,1,0,0,0,0,0,0,0,0,0,0,0,0,0,0,254,254,254,254,1,1,0,0,0,0,6,0,0,1,0,1,0,0,0,0,0,1,0,0,0,0,0,0,0,0,0,0,0,0,-1,0,0,0,0,0,0,0,0,0,0,0,0,0,0,0,0,0,-1,0,-1,0,0,-1,-1,-1,-1,0,0,0,0,-1,0,0,-1,0,1,0,[0|0|0|0|0|0|0|0]
20002952,Coldbone Arrow (Fletched) [AOW] Rain of Arrows,1,-1,-1,-1,0.85,20,0,0,0,0,15,5,0,20,15,0,0,0.25,1.5,0.12,0,0,0.1,0,0,0,20002953,0,0,0,0,0,6,0,0,0,0,0,0,0,0,0,0,90,0,0,0,254,254,254,254,1,1,0,0,0,0,0,0,0,0,0,1,0,0,0,0,0,1,0,0,0,0,0,0,0,0,0,0,0,0,-1,0,0,0,0,0,0,0,0,0,0,0,0,0,0,0,0,0,-1,0,-1,0,0,-1,-1,-1,-1,0,0,0,0,-1,0,0,-1,0,1,0,[0|0|0|0|0|0|0|0]
20002954,Coldbone Arrow (Fletched) [AOW] Rain of Arrows,5032850,5032001,5032002,5032003,1.1,0,0,0,0,0.5,80,0,0,80,80,0,0,0.05,1,0.2,0,0,0.1,0,0,0,-1,0,0,0,0,0,1,10,0,0,0,90,90,90,90,100,100,-90,0,0,0,254,254,254,254,0,0,0,0,0,0,0,1,0,0,0,1,0,0,0,1,0,1,0,0,0,0,0,0,90,0,0,0,60,30,-1,0,0,0,0,0,0,0,0,0,0,0,0,0,0,0,0,0,-1,0,-1,0,0,-1,-1,-1,-1,0,0,0,0,-1,0,0,-1,0,1,0,[0|0|0|0|0|0|0|0]
20002970,Coldbone Arrow (Fletched) [AOW] Through and Through,5032870,5032001,5032002,5032003,3,40,0,0,2.5,0,140,5,-5,140,10,0,0,0.02,-1,0,0,0,0,0,0,0,-1,0,0,0,0,0,1,0,0,0,0,90,90,90,90,100,100,0,45,0,0,254,254,254,254,1,0,0,0,0,0,0,1,0,0,0,0,0,0,0,1,0,1,0,0,0,0,0,0,90,0,0,0,0,0,-1,0,0,0,0,0,0,0,0,0,0,0,0,0,0,0,0,0,-1,0,-1,0,0,-1,-1,-1,-1,0,0,0,0,-1,0,0,-1,0,1,0,[0|0|0|0|0|0|0|0]
20003000,Coldbone Arrow,5033300,5033001,5033002,5033003,3,10,0,0,10,0,140,5,-9,140,10,0,0,0.02,-1,0,0,0,0,0,0,0,-1,0,0,0,0,0,1,0,0,0,0,100,100,100,100,100,100,0,45,0,0,254,254,254,254,0,0,0,0,0,0,0,1,0,0,0,0,0,0,0,1,0,1,0,0,0,0,0,0,100,0,0,0,0,0,-1,0,0,0,0,0,0,0,0,0,0,0,0,0,0,0,0,0,-1,0,-1,0,0,-1,-1,-1,-1,0,0,0,0,-1,0,0,-1,0,1,0,[0|0|0|0|0|0|0|0]
20003011,Coldbone Arrow [AOW] Mighty Shot,5033811,5033001,5033002,5033003,3,10,0,0,10,0,210,5,-9,210,10,0,0,0.02,-1,0,0,0,0,0,0,0,-1,0,0,0,0,0,1,0,0,0,0,100,100,100,100,100,100,0,25,0,0,254,254,254,254,0,0,0,0,0,0,0,1,0,0,0,0,0,0,0,1,0,1,0,0,0,0,0,0,100,0,0,0,0,0,-1,0,0,0,0,0,0,0,0,0,0,0,0,0,0,0,0,0,-1,0,-1,0,0,-1,-1,-1,-1,0,0,0,0,-1,0,0,-1,0,1,0,[0|0|0|0|0|0|0|0]
20003020,Coldbone Arrow [AOW] Barrage,5033820,5033001,5033002,5033003,3,10,0,0,10,0,140,5,-9,140,10,0,0,0.02,-1,0,0,0,0,0,0,0,-1,0,0,0,0,0,1,0,0,0,0,100,100,100,100,100,100,0,45,0,0,254,254,254,254,0,0,0,0,0,0,0,1,0,0,0,0,0,0,0,1,0,1,0,0,0,0,0,0,100,0,0,0,0,0,-1,0,0,0,0,0,0,0,0,0,0,0,0,0,0,0,0,0,-1,0,-1,0,0,-1,-1,-1,-1,0,0,0,0,-1,0,0,-1,0,1,0,[0|0|0|0|0|0|0|0]
20003030,Coldbone Arrow [AOW] Enchanted Shot,5033830,5033001,5033002,5033003,3,10,0,0,10,3,280,5,-9,280,10,0,0.5,0.02,-1,0,0,0,0,0,0,0,-1,0,0,0,0,0,1,160,0,0,0,100,100,100,100,100,100,0,45,0,0,254,254,254,254,0,0,0,0,0,0,0,1,0,0,0,0,0,0,0,1,0,1,0,0,0,0,0,0,100,0,0,0,0,0,-1,0,0,0,0,0,0,0,0,0,0,0,0,0,0,0,0,0,-1,0,-1,0,0,-1,-1,-1,-1,0,0,0,0,-1,0,0,-1,0,1,0,[0|0|0|0|0|0|0|0]
20003050,Coldbone Arrow [AOW] Rain of Arrows,5033850,5033001,-1,-1,0.3,0,0,0,0,0,122.5,0,0,122.5,35,0,0,0.02,-1,0,0,0,0,0,0,0,-1,0,0,0,0,0,1,0,0,0,0,90,90,90,90,100,100,89,0,0,0,254,254,254,254,1,0,0,0,0,0,0,1,0,0,0,0,0,0,0,0,0,1,0,0,0,0,0,0,90,0,0,0,0,0,-1,0,0,0,0,0,0,0,0,0,0,0,0,0,0,0,0,0,-1,0,-1,0,0,-1,-1,-1,-1,0,0,0,0,-1,0,0,-1,0,1,0,[0|0|0|0|0|0|0|0]
20003051,Coldbone Arrow [AOW] Rain of Arrows,5099999,-1,-1,-1,0.05,70,0,0,0,0,0,0,0,0,0,0,0,0.1,-1,0,0,0,0.1,0,0,0,20003052,0,0,0,0,0,1,0,0,0,0,0,0,0,0,0,0,0,0,0,0,254,254,254,254,1,1,0,0,0,0,6,0,0,1,0,1,0,0,0,0,0,1,0,0,0,0,0,0,0,0,0,0,0,0,-1,0,0,0,0,0,0,0,0,0,0,0,0,0,0,0,0,0,-1,0,-1,0,0,-1,-1,-1,-1,0,0,0,0,-1,0,0,-1,0,1,0,[0|0|0|0|0|0|0|0]
20003052,Coldbone Arrow [AOW] Rain of Arrows,1,-1,-1,-1,0.85,20,0,0,0,0,15,5,0,20,15,0,0,0.25,1.5,0.12,0,0,0.1,0,0,0,20003053,0,0,0,0,0,6,0,0,0,0,0,0,0,0,0,0,90,0,0,0,254,254,254,254,1,1,0,0,0,0,0,0,0,0,0,1,0,0,0,0,0,1,0,0,0,0,0,0,0,0,0,0,0,0,-1,0,0,0,0,0,0,0,0,0,0,0,0,0,0,0,0,0,-1,0,-1,0,0,-1,-1,-1,-1,0,0,0,0,-1,0,0,-1,0,1,0,[0|0|0|0|0|0|0|0]
20003054,Coldbone Arrow [AOW] Rain of Arrows,5033850,5033001,5033002,5033003,1.1,0,0,0,0,0.5,80,0,0,80,80,0,0,0.05,1,0.2,0,0,0.1,0,0,0,-1,0,0,0,0,0,1,10,0,0,0,90,90,90,90,100,100,-90,0,0,0,254,254,254,254,0,0,0,0,0,0,0,1,0,0,0,1,0,0,0,1,0,1,0,0,0,0,0,0,90,0,0,0,60,30,-1,0,0,0,0,0,0,0,0,0,0,0,0,0,0,0,0,0,-1,0,-1,0,0,-1,-1,-1,-1,0,0,0,0,-1,0,0,-1,0,1,0,[0|0|0|0|0|0|0|0]
20003070,Coldbone Arrow [AOW] Through and Through,5033870,5033001,5033002,5033003,3,40,0,0,2.5,0,140,5,-5,140,10,0,0,0.02,-1,0,0,0,0,0,0,0,-1,0,0,0,0,0,1,0,0,0,0,90,90,90,90,100,100,0,45,0,0,254,254,254,254,1,0,0,0,0,0,0,1,0,0,0,0,0,0,0,1,0,1,0,0,0,0,0,0,90,0,0,0,0,0,-1,0,0,0,0,0,0,0,0,0,0,0,0,0,0,0,0,0,-1,0,-1,0,0,-1,-1,-1,-1,0,0,0,0,-1,0,0,-1,0,1,0,[0|0|0|0|0|0|0|0]
20003100,Rotbone Arrow (Fletched),5034300,5034001,5034002,5034003,3,30,0,0,6,0,140,5,-7,140,10,0,0,0.02,-1,0,0,0,0,0,0,0,-1,0,0,0,0,0,1,0,0,0,0,100,100,100,100,100,100,0,45,0,0,254,254,254,254,0,0,0,0,0,0,0,1,0,0,0,0,0,0,0,1,0,1,0,0,0,0,0,0,100,0,0,0,0,0,-1,0,0,0,0,0,0,0,0,0,0,0,0,0,0,0,0,0,-1,0,-1,0,0,-1,-1,-1,-1,0,0,0,0,-1,0,0,-1,0,1,0,[0|0|0|0|0|0|0|0]
20003111,Rotbone Arrow (Fletched) [AOW] Mighty Shot,5034811,5034001,5034002,5034003,3,30,0,0,6,0,210,5,-7,210,10,0,0,0.02,-1,0,0,0,0,0,0,0,-1,0,0,0,0,0,1,0,0,0,0,100,100,100,100,100,100,0,25,0,0,254,254,254,254,0,0,0,0,0,0,0,1,0,0,0,0,0,0,0,1,0,1,0,0,0,0,0,0,100,0,0,0,0,0,-1,0,0,0,0,0,0,0,0,0,0,0,0,0,0,0,0,0,-1,0,-1,0,0,-1,-1,-1,-1,0,0,0,0,-1,0,0,-1,0,1,0,[0|0|0|0|0|0|0|0]
20003120,Rotbone Arrow (Fletched) [AOW] Barrage,5034820,5034001,5034002,5034003,3,30,0,0,6,0,140,5,-7,140,10,0,0,0.02,-1,0,0,0,0,0,0,0,-1,0,0,0,0,0,1,0,0,0,0,100,100,100,100,100,100,0,45,0,0,254,254,254,254,0,0,0,0,0,0,0,1,0,0,0,0,0,0,0,1,0,1,0,0,0,0,0,0,100,0,0,0,0,0,-1,0,0,0,0,0,0,0,0,0,0,0,0,0,0,0,0,0,-1,0,-1,0,0,-1,-1,-1,-1,0,0,0,0,-1,0,0,-1,0,1,0,[0|0|0|0|0|0|0|0]
20003130,Rotbone Arrow (Fletched) [AOW] Enchanted Shot,5034830,5034001,5034002,5034003,3,30,0,0,6,3,280,5,-7,280,10,0,0.5,0.02,-1,0,0,0,0,0,0,0,-1,0,0,0,0,0,1,160,0,0,0,100,100,100,100,100,100,0,45,0,0,254,254,254,254,0,0,0,0,0,0,0,1,0,0,0,0,0,0,0,1,0,1,0,0,0,0,0,0,100,0,0,0,0,0,-1,0,0,0,0,0,0,0,0,0,0,0,0,0,0,0,0,0,-1,0,-1,0,0,-1,-1,-1,-1,0,0,0,0,-1,0,0,-1,0,1,0,[0|0|0|0|0|0|0|0]
20003150,Rotbone Arrow (Fletched) [AOW] Rain of Arrows,5034850,5034001,-1,-1,0.3,0,0,0,0,0,122.5,0,0,122.5,35,0,0,0.02,-1,0,0,0,0,0,0,0,-1,0,0,0,0,0,1,0,0,0,0,90,90,90,90,100,100,89,0,0,0,254,254,254,254,1,0,0,0,0,0,0,1,0,0,0,0,0,0,0,0,0,1,0,0,0,0,0,0,90,0,0,0,0,0,-1,0,0,0,0,0,0,0,0,0,0,0,0,0,0,0,0,0,-1,0,-1,0,0,-1,-1,-1,-1,0,0,0,0,-1,0,0,-1,0,1,0,[0|0|0|0|0|0|0|0]
20003151,Rotbone Arrow (Fletched) [AOW] Rain of Arrows,5099999,-1,-1,-1,0.05,78,0,0,0,0,0,0,0,0,0,0,0,0.1,-1,0,0,0,0.1,0,0,0,20003152,0,0,0,0,0,1,0,0,0,0,0,0,0,0,0,0,0,0,0,0,254,254,254,254,1,1,0,0,0,0,6,0,0,1,0,1,0,0,0,0,0,1,0,0,0,0,0,0,0,0,0,0,0,0,-1,0,0,0,0,0,0,0,0,0,0,0,0,0,0,0,0,0,-1,0,-1,0,0,-1,-1,-1,-1,0,0,0,0,-1,0,0,-1,0,1,0,[0|0|0|0|0|0|0|0]
20003152,Rotbone Arrow (Fletched) [AOW] Rain of Arrows,1,-1,-1,-1,0.85,20,0,0,0,0,15,5,0,20,15,0,0,0.25,1.5,0.12,0,0,0.1,0,0,0,20003153,0,0,0,0,0,6,0,0,0,0,0,0,0,0,0,0,90,0,0,0,254,254,254,254,1,1,0,0,0,0,0,0,0,0,0,1,0,0,0,0,0,1,0,0,0,0,0,0,0,0,0,0,0,0,-1,0,0,0,0,0,0,0,0,0,0,0,0,0,0,0,0,0,-1,0,-1,0,0,-1,-1,-1,-1,0,0,0,0,-1,0,0,-1,0,1,0,[0|0|0|0|0|0|0|0]
20003154,Rotbone Arrow (Fletched) [AOW] Rain of Arrows,5034850,5034001,5034002,5034003,1.1,0,0,0,0,0.5,80,0,0,80,80,0,0,0.05,1,0.2,0,0,0.1,0,0,0,-1,0,0,0,0,0,1,10,0,0,0,90,90,90,90,100,100,-90,0,0,0,254,254,254,254,0,0,0,0,0,0,0,1,0,0,0,1,0,0,0,1,0,1,0,0,0,0,0,0,90,0,0,0,60,30,-1,0,0,0,0,0,0,0,0,0,0,0,0,0,0,0,0,0,-1,0,-1,0,0,-1,-1,-1,-1,0,0,0,0,-1,0,0,-1,0,1,0,[0|0|0|0|0|0|0|0]
20003170,Rotbone Arrow (Fletched) [AOW] Through and Through,5034870,5034001,5034002,5034003,3,40,0,0,2.5,0,140,5,-5,140,10,0,0,0.02,-1,0,0,0,0,0,0,0,-1,0,0,0,0,0,1,0,0,0,0,90,90,90,90,100,100,0,45,0,0,254,254,254,254,1,0,0,0,0,0,0,1,0,0,0,0,0,0,0,1,0,1,0,0,0,0,0,0,90,0,0,0,0,0,-1,0,0,0,0,0,0,0,0,0,0,0,0,0,0,0,0,0,-1,0,-1,0,0,-1,-1,-1,-1,0,0,0,0,-1,0,0,-1,0,1,0,[0|0|0|0|0|0|0|0]
20003200,Rotbone Arrow,5035300,5035001,5035002,5035003,3,10,0,0,10,0,140,5,-9,140,10,0,0,0.02,-1,0,0,0,0,0,0,0,-1,0,0,0,0,0,1,0,0,0,0,100,100,100,100,100,100,0,45,0,0,254,254,254,254,0,0,0,0,0,0,0,1,0,0,0,0,0,0,0,1,0,1,0,0,0,0,0,0,100,0,0,0,0,0,-1,0,0,0,0,0,0,0,0,0,0,0,0,0,0,0,0,0,-1,0,-1,0,0,-1,-1,-1,-1,0,0,0,0,-1,0,0,-1,0,1,0,[0|0|0|0|0|0|0|0]
20003211,Rotbone Arrow [AOW] Mighty Shot,5035811,5035001,5035002,5035003,3,10,0,0,10,0,210,5,-9,210,10,0,0,0.02,-1,0,0,0,0,0,0,0,-1,0,0,0,0,0,1,0,0,0,0,100,100,100,100,100,100,0,25,0,0,254,254,254,254,0,0,0,0,0,0,0,1,0,0,0,0,0,0,0,1,0,1,0,0,0,0,0,0,100,0,0,0,0,0,-1,0,0,0,0,0,0,0,0,0,0,0,0,0,0,0,0,0,-1,0,-1,0,0,-1,-1,-1,-1,0,0,0,0,-1,0,0,-1,0,1,0,[0|0|0|0|0|0|0|0]
20003220,Rotbone Arrow [AOW] Barrage,5035820,5035001,5035002,5035003,3,10,0,0,10,0,140,5,-9,140,10,0,0,0.02,-1,0,0,0,0,0,0,0,-1,0,0,0,0,0,1,0,0,0,0,100,100,100,100,100,100,0,45,0,0,254,254,254,254,0,0,0,0,0,0,0,1,0,0,0,0,0,0,0,1,0,1,0,0,0,0,0,0,100,0,0,0,0,0,-1,0,0,0,0,0,0,0,0,0,0,0,0,0,0,0,0,0,-1,0,-1,0,0,-1,-1,-1,-1,0,0,0,0,-1,0,0,-1,0,1,0,[0|0|0|0|0|0|0|0]
20003230,Rotbone Arrow [AOW] Enchanted Shot,5035830,5035001,5035002,5035003,3,10,0,0,10,3,280,5,-9,280,10,0,0.5,0.02,-1,0,0,0,0,0,0,0,-1,0,0,0,0,0,1,160,0,0,0,100,100,100,100,100,100,0,45,0,0,254,254,254,254,0,0,0,0,0,0,0,1,0,0,0,0,0,0,0,1,0,1,0,0,0,0,0,0,100,0,0,0,0,0,-1,0,0,0,0,0,0,0,0,0,0,0,0,0,0,0,0,0,-1,0,-1,0,0,-1,-1,-1,-1,0,0,0,0,-1,0,0,-1,0,1,0,[0|0|0|0|0|0|0|0]
20003250,Rotbone Arrow [AOW] Rain of Arrows,5035850,5035001,-1,-1,0.3,0,0,0,0,0,122.5,0,0,122.5,35,0,0,0.02,-1,0,0,0,0,0,0,0,-1,0,0,0,0,0,1,0,0,0,0,90,90,90,90,100,100,89,0,0,0,254,254,254,254,1,0,0,0,0,0,0,1,0,0,0,0,0,0,0,0,0,1,0,0,0,0,0,0,90,0,0,0,0,0,-1,0,0,0,0,0,0,0,0,0,0,0,0,0,0,0,0,0,-1,0,-1,0,0,-1,-1,-1,-1,0,0,0,0,-1,0,0,-1,0,1,0,[0|0|0|0|0|0|0|0]
20003251,Rotbone Arrow [AOW] Rain of Arrows,5099999,-1,-1,-1,0.05,70,0,0,0,0,0,0,0,0,0,0,0,0.1,-1,0,0,0,0.1,0,0,0,20003252,0,0,0,0,0,1,0,0,0,0,0,0,0,0,0,0,0,0,0,0,254,254,254,254,1,1,0,0,0,0,6,0,0,1,0,1,0,0,0,0,0,1,0,0,0,0,0,0,0,0,0,0,0,0,-1,0,0,0,0,0,0,0,0,0,0,0,0,0,0,0,0,0,-1,0,-1,0,0,-1,-1,-1,-1,0,0,0,0,-1,0,0,-1,0,1,0,[0|0|0|0|0|0|0|0]
20003252,Rotbone Arrow [AOW] Rain of Arrows,1,-1,-1,-1,0.85,20,0,0,0,0,15,5,0,20,15,0,0,0.25,1.5,0.12,0,0,0.1,0,0,0,20003253,0,0,0,0,0,6,0,0,0,0,0,0,0,0,0,0,90,0,0,0,254,254,254,254,1,1,0,0,0,0,0,0,0,0,0,1,0,0,0,0,0,1,0,0,0,0,0,0,0,0,0,0,0,0,-1,0,0,0,0,0,0,0,0,0,0,0,0,0,0,0,0,0,-1,0,-1,0,0,-1,-1,-1,-1,0,0,0,0,-1,0,0,-1,0,1,0,[0|0|0|0|0|0|0|0]
20003254,Rotbone Arrow [AOW] Rain of Arrows,5035850,5035001,5035002,5035003,1.1,0,0,0,0,0.5,80,0,0,80,80,0,0,0.05,1,0.2,0,0,0.1,0,0,0,-1,0,0,0,0,0,1,10,0,0,0,90,90,90,90,100,100,-90,0,0,0,254,254,254,254,0,0,0,0,0,0,0,1,0,0,0,1,0,0,0,1,0,1,0,0,0,0,0,0,90,0,0,0,60,30,-1,0,0,0,0,0,0,0,0,0,0,0,0,0,0,0,0,0,-1,0,-1,0,0,-1,-1,-1,-1,0,0,0,0,-1,0,0,-1,0,1,0,[0|0|0|0|0|0|0|0]
20003270,Rotbone Arrow [AOW] Through and Through,5035870,5035001,5035002,5035003,3,40,0,0,2.5,0,140,5,-5,140,10,0,0,0.02,-1,0,0,0,0,0,0,0,-1,0,0,0,0,0,1,0,0,0,0,90,90,90,90,100,100,0,45,0,0,254,254,254,254,1,0,0,0,0,0,0,1,0,0,0,0,0,0,0,1,0,1,0,0,0,0,0,0,90,0,0,0,0,0,-1,0,0,0,0,0,0,0,0,0,0,0,0,0,0,0,0,0,-1,0,-1,0,0,-1,-1,-1,-1,0,0,0,0,-1,0,0,-1,0,1,0,[0|0|0|0|0|0|0|0]
20005000,Great Arrow,5100300,5100001,5100002,5100003,3,30,0,0,12,0,175,5,-5,210,30,0,0,0.05,-1,0,0,0,0,0,0,0,-1,0,0,0,0,0,1,0,0,0,0,100,100,100,100,100,100,0,30,0,0,254,254,254,254,0,0,0,0,0,0,0,1,0,0,0,0,0,0,0,0,0,1,0,0,0,0,0,0,100,0,0,0,0,0,-1,0,0,0,0,0,0,0,0,0,0,0,0,0,0,0,0,0,-1,0,-1,0,0,-1,-1,-1,-1,0,0,0,0,-1,0,0,-1,0,1,0,[0|0|0|0|0|0|0|0]
20005050,Great Arrow [AOW] Rain of Arrows,5100850,5100001,-1,-1,0.3,0,0,0,0,0,122.5,0,0,122.5,35,0,0,0.02,-1,0,0,0,0,0,0,0,-1,0,0,0,0,0,1,0,0,0,0,90,90,90,90,100,100,89,0,0,0,254,254,254,254,1,0,0,0,0,0,0,1,0,0,0,0,0,0,0,0,0,1,0,0,0,0,0,0,90,0,0,0,0,0,-1,0,0,0,0,0,0,0,0,0,0,0,0,0,0,0,0,0,-1,0,-1,0,0,-1,-1,-1,-1,0,0,0,0,-1,0,0,-1,0,1,0,[0|0|0|0|0|0|0|0]
20005051,Great Arrow [AOW] Rain of Arrows,5199999,-1,-1,-1,0.05,86,0,0,0,0,0,0,0,0,0,0,0,0.1,-1,0,0,0,0.1,0,0,0,20005052,0,0,0,0,0,1,0,0,0,0,0,0,0,0,0,0,0,0,0,0,254,254,254,254,1,1,0,0,0,0,6,0,0,1,0,1,0,0,0,0,0,1,0,0,0,0,0,0,0,0,0,0,0,0,-1,0,0,0,0,0,0,0,0,0,0,0,0,0,0,0,0,0,-1,0,-1,0,0,-1,-1,-1,-1,0,0,0,0,-1,0,0,-1,0,1,0,[0|0|0|0|0|0|0|0]
20005052,Great Arrow [AOW] Rain of Arrows,1,-1,-1,-1,0.85,20,0,0,0,0,15,5,0,20,15,0,0,0.25,1.5,0.12,0,0,0.1,0,0,0,20005053,0,0,0,0,0,6,0,0,0,0,0,0,0,0,0,0,90,0,0,0,254,254,254,254,1,1,0,0,0,0,0,0,0,0,0,1,0,0,0,0,0,1,0,0,0,0,0,0,0,0,0,0,0,0,-1,0,0,0,0,0,0,0,0,0,0,0,0,0,0,0,0,0,-1,0,-1,0,0,-1,-1,-1,-1,0,0,0,0,-1,0,0,-1,0,1,0,[0|0|0|0|0|0|0|0]
20005054,Great Arrow [AOW] Rain of Arrows,5100850,5100001,5100002,5100003,1.1,0,0,0,0,0.5,80,0,0,80,80,0,0,0.05,1,0.2,0,0,0.1,0,0,0,-1,0,0,0,0,0,1,10,0,0,0,90,90,90,90,100,100,-90,0,0,0,254,254,254,254,0,0,0,0,0,0,0,1,0,0,0,1,0,0,0,0,0,1,0,0,0,0,0,0,90,0,0,0,60,30,-1,0,0,0,0,0,0,0,0,0,0,0,0,0,0,0,0,0,-1,0,-1,0,0,-1,-1,-1,-1,0,0,0,0,-1,0,0,-1,0,1,0,[0|0|0|0|0|0|0|0]
20005070,Great Arrow [AOW] Through and Through,5100870,5100001,5100002,5100003,3,30,0,0,12,0,175,5,-5,210,30,0,0,0.05,-1,0,0,0,0,0,0,0,-1,0,0,0,0,0,1,0,0,0,0,100,100,100,100,100,100,0,30,0,0,254,254,254,254,1,0,0,0,0,0,0,1,0,0,0,0,0,0,0,0,0,1,0,0,0,0,0,0,100,0,0,0,0,0,-1,0,0,0,0,0,0,0,0,1,0,0,0,0,0,0,0,0,-1,0,-1,0,0,-1,-1,-1,-1,0,0,0,0,-1,0,0,-1,0,1,0,[0|0|0|0|0|0|0|0]
20005100,Golem's Great Arrow,5101300,5101001,5101002,5101003,3,45,0,0,12,0,175,5,-5,210,30,0,0,0.05,-1,0,0,0,2,0,0,0,20005101,0,0,0,0,0,1,0,0,0,0,100,100,100,100,100,100,0,30,0,0,254,254,254,254,0,0,0,0,0,0,0,1,0,0,0,1,0,0,0,0,0,1,0,0,0,0,0,0,100,0,0,0,0,0,-1,0,0,0,0,0,0,0,0,0,0,0,0,0,0,0,0,0,-1,0,-1,0,0,-1,-1,-1,-1,0,0,0,0,-1,0,0,-1,0,1,0,[0|0|0|0|0|0|0|0]
20005150,Golem's Great Arrow [AOW] Rain of Arrows,5101850,5101001,-1,-1,0.3,0,0,0,0,0,122.5,0,0,122.5,35,0,0,0.02,-1,0,0,0,0.15,0,0,0,-1,0,0,0,0,0,1,0,0,0,0,90,90,90,90,100,100,89,0,0,0,254,254,254,254,1,0,0,0,0,0,0,1,0,0,0,1,0,0,0,0,0,1,0,0,0,0,0,0,90,0,0,0,0,0,-1,0,0,0,0,0,0,0,0,0,0,0,0,0,0,0,0,0,-1,0,-1,0,0,-1,-1,-1,-1,0,0,0,0,-1,0,0,-1,0,1,0,[0|0|0|0|0|0|0|0]
20005151,Golem's Great Arrow [AOW] Rain of Arrows,5199999,-1,-1,-1,0.05,94,0,0,0,0,0,0,0,0,0,0,0,0.1,-1,0,0,0,0.15,0,0,0,20005152,0,0,0,0,0,1,0,0,0,0,0,0,0,0,0,0,0,0,0,0,254,254,254,254,1,1,0,0,0,0,6,0,0,1,0,1,0,0,0,0,0,1,0,0,0,0,0,0,0,0,0,0,0,0,-1,0,0,0,0,0,0,0,0,0,0,0,0,0,0,0,0,0,-1,0,-1,0,0,-1,-1,-1,-1,0,0,0,0,-1,0,0,-1,0,1,0,[0|0|0|0|0|0|0|0]
20005152,Golem's Great Arrow [AOW] Rain of Arrows,1,-1,-1,-1,0.85,20,0,0,0,0,15,5,0,20,15,0,0,0.25,1.5,0.12,0,0,0.15,0,0,0,20005153,0,0,0,0,0,6,0,0,0,0,0,0,0,0,0,0,90,0,0,0,254,254,254,254,1,1,0,0,0,0,0,0,0,0,0,1,0,0,0,0,0,1,0,0,0,0,0,0,0,0,0,0,0,0,-1,0,0,0,0,0,0,0,0,0,0,0,0,0,0,0,0,0,-1,0,-1,0,0,-1,-1,-1,-1,0,0,0,0,-1,0,0,-1,0,1,0,[0|0|0|0|0|0|0|0]
20005154,Golem's Great Arrow [AOW] Rain of Arrows,5101850,5101001,5101002,5101003,1.1,0,0,0,0,0.5,80,0,0,80,80,0,0,0.05,1,0.2,0,0,0.15,0,0,0,20005102,0,0,0,0,0,1,10,0,0,0,90,90,90,90,100,100,-90,0,0,0,254,254,254,254,0,0,0,0,0,0,0,1,0,0,0,1,0,0,0,0,0,1,0,0,0,0,0,0,90,0,0,0,60,30,-1,0,0,0,0,0,0,0,0,0,0,0,0,0,0,0,0,0,-1,0,-1,0,0,-1,-1,-1,-1,0,0,0,0,-1,0,0,-1,0,1,0,[0|0|0|0|0|0|0|0]
20005170,Golem's Great Arrow [AOW] Through and Through,5101870,5101001,5101002,5101003,3,45,0,0,12,0,175,5,-5,210,30,0,0,0.05,-1,0,0,0,0.15,0,0,0,20005104,0,0,0,0,0,1,0,0,0,0,100,100,100,100,100,100,0,30,0,0,254,254,254,254,1,0,0,0,0,0,0,1,0,0,0,1,0,0,0,0,0,1,0,0,0,0,0,0,100,0,0,0,0,0,-1,0,0,0,0,0,0,0,0,1,0,0,0,0,0,0,0,0,-1,0,-1,0,0,-1,-1,-1,-1,0,0,0,0,-1,0,0,-1,0,1,0,[0|0|0|0|0|0|0|0]
20005200,Golden Great Arrow,5102300,5102001,5102002,5102003,3,30,0,0,12,0,175,5,-5,210,30,0,0,0.05,-1,0,0,0,0,0,0,0,20005201,0,0,0,0,0,1,0,0,0,0,100,100,100,100,100,100,0,30,0,0,254,254,254,254,0,0,0,0,0,0,0,1,0,0,0,0,0,0,0,0,0,1,0,0,0,0,0,0,100,0,0,0,0,0,-1,0,0,0,0,0,0,0,0,0,0,0,0,0,0,0,0,0,-1,0,-1,0,0,-1,-1,-1,-1,0,0,0,0,-1,0,0,-1,0,1,0,[0|0|0|0|0|0|0|0]
20005250,Golden Great Arrow [AOW] Rain of Arrows,5102850,5102001,-1,-1,0.3,0,0,0,0,0,122.5,0,0,122.5,35,0,0,0.02,-1,0,0,0,0,0,0,0,-1,0,0,0,0,0,1,0,0,0,0,90,90,90,90,100,100,89,0,0,0,254,254,254,254,1,0,0,0,0,0,0,1,0,0,0,0,0,0,0,0,0,1,0,0,0,0,0,0,90,0,0,0,0,0,-1,0,0,0,0,0,0,0,0,0,0,0,0,0,0,0,0,0,-1,0,-1,0,0,-1,-1,-1,-1,0,0,0,0,-1,0,0,-1,0,1,0,[0|0|0|0|0|0|0|0]
20005251,Golden Great Arrow [AOW] Rain of Arrows,5199999,-1,-1,-1,0.05,86,0,0,0,0,0,0,0,0,0,0,0,0.1,-1,0,0,0,0.1,0,0,0,20005252,0,0,0,0,0,1,0,0,0,0,0,0,0,0,0,0,0,0,0,0,254,254,254,254,1,1,0,0,0,0,6,0,0,1,0,1,0,0,0,0,0,1,0,0,0,0,0,0,0,0,0,0,0,0,-1,0,0,0,0,0,0,0,0,0,0,0,0,0,0,0,0,0,-1,0,-1,0,0,-1,-1,-1,-1,0,0,0,0,-1,0,0,-1,0,1,0,[0|0|0|0|0|0|0|0]
20005252,Golden Great Arrow [AOW] Rain of Arrows,1,-1,-1,-1,0.85,20,0,0,0,0,15,5,0,20,15,0,0,0.25,1.5,0.12,0,0,0.1,0,0,0,20005253,0,0,0,0,0,6,0,0,0,0,0,0,0,0,0,0,90,0,0,0,254,254,254,254,1,1,0,0,0,0,0,0,0,0,0,1,0,0,0,0,0,1,0,0,0,0,0,0,0,0,0,0,0,0,-1,0,0,0,0,0,0,0,0,0,0,0,0,0,0,0,0,0,-1,0,-1,0,0,-1,-1,-1,-1,0,0,0,0,-1,0,0,-1,0,1,0,[0|0|0|0|0|0|0|0]
20005254,Golden Great Arrow [AOW] Rain of Arrows,5102850,5102001,5102002,5102003,1.1,0,0,0,0,0.5,80,0,0,80,80,0,0,0.05,1,0.2,0,0,0.1,0,0,0,-1,0,0,0,0,0,1,10,0,0,0,90,90,90,90,100,100,-90,0,0,0,254,254,254,254,0,0,0,0,0,0,0,1,0,0,0,1,0,0,0,0,0,1,0,0,0,0,0,0,90,0,0,0,60,30,-1,0,0,0,0,0,0,0,0,0,0,0,0,0,0,0,0,0,-1,0,-1,0,0,-1,-1,-1,-1,0,0,0,0,-1,0,0,-1,0,1,0,[0|0|0|0|0|0|0|0]
20005270,Golden Great Arrow [AOW] Through and Through,5102870,5102001,5102002,5102003,3,30,0,0,12,0,175,5,-5,210,30,0,0,0.05,-1,0,0,0,0,0,0,0,20005201,0,0,0,0,0,1,0,0,0,0,100,100,100,100,100,100,0,30,0,0,254,254,254,254,1,0,0,0,0,0,0,1,0,0,0,0,0,0,0,0,0,1,0,0,0,0,0,0,100,0,0,0,0,0,-1,0,0,0,0,0,0,0,0,1,0,0,0,0,0,0,0,0,-1,0,-1,0,0,-1,-1,-1,-1,0,0,0,0,-1,0,0,-1,0,1,0,[0|0|0|0|0|0|0|0]
20005300,Golem's Magic Arrow,5103300,5103001,5103002,5103003,3,30,0,0,12,0,175,5,-5,210,30,0,0,0.05,-1,0,0,0,0,0,0,0,-1,0,0,0,0,0,1,0,0,0,0,100,100,100,100,100,100,0,30,0,0,254,254,254,254,0,0,0,0,0,0,0,1,0,0,0,0,0,0,0,0,0,1,0,0,0,0,0,0,100,0,0,0,0,0,-1,0,0,0,0,0,0,0,0,0,0,0,0,0,0,0,0,0,-1,0,-1,0,0,-1,-1,-1,-1,0,0,0,0,-1,0,0,-1,0,1,0,[0|0|0|0|0|0|0|0]
20005350,Golem's Magic Arrow [AOW] Rain of Arrows,5103850,5103001,-1,-1,0.3,0,0,0,0,0,122.5,0,0,122.5,35,0,0,0.02,-1,0,0,0,0,0,0,0,-1,0,0,0,0,0,1,0,0,0,0,90,90,90,90,100,100,89,0,0,0,254,254,254,254,1,0,0,0,0,0,0,1,0,0,0,0,0,0,0,0,0,1,0,0,0,0,0,0,90,0,0,0,0,0,-1,0,0,0,0,0,0,0,0,0,0,0,0,0,0,0,0,0,-1,0,-1,0,0,-1,-1,-1,-1,0,0,0,0,-1,0,0,-1,0,1,0,[0|0|0|0|0|0|0|0]
20005351,Golem's Magic Arrow [AOW] Rain of Arrows,5199999,-1,-1,-1,0.05,86,0,0,0,0,0,0,0,0,0,0,0,0.1,-1,0,0,0,0.1,0,0,0,20005352,0,0,0,0,0,1,0,0,0,0,0,0,0,0,0,0,0,0,0,0,254,254,254,254,1,1,0,0,0,0,6,0,0,1,0,1,0,0,0,0,0,1,0,0,0,0,0,0,0,0,0,0,0,0,-1,0,0,0,0,0,0,0,0,0,0,0,0,0,0,0,0,0,-1,0,-1,0,0,-1,-1,-1,-1,0,0,0,0,-1,0,0,-1,0,1,0,[0|0|0|0|0|0|0|0]
20005352,Golem's Magic Arrow [AOW] Rain of Arrows,1,-1,-1,-1,0.85,20,0,0,0,0,15,5,0,20,15,0,0,0.25,1.5,0.12,0,0,0.1,0,0,0,20005353,0,0,0,0,0,6,0,0,0,0,0,0,0,0,0,0,90,0,0,0,254,254,254,254,1,1,0,0,0,0,0,0,0,0,0,1,0,0,0,0,0,1,0,0,0,0,0,0,0,0,0,0,0,0,-1,0,0,0,0,0,0,0,0,0,0,0,0,0,0,0,0,0,-1,0,-1,0,0,-1,-1,-1,-1,0,0,0,0,-1,0,0,-1,0,1,0,[0|0|0|0|0|0|0|0]
20005354,Golem's Magic Arrow [AOW] Rain of Arrows,5103850,5103001,5103002,5103003,1.1,0,0,0,0,0.5,80,0,0,80,80,0,0,0.05,1,0.2,0,0,0.1,0,0,0,-1,0,0,0,0,0,1,10,0,0,0,90,90,90,90,100,100,-90,0,0,0,254,254,254,254,0,0,0,0,0,0,0,1,0,0,0,1,0,0,0,0,0,1,0,0,0,0,0,0,90,0,0,0,60,30,-1,0,0,0,0,0,0,0,0,0,0,0,0,0,0,0,0,0,-1,0,-1,0,0,-1,-1,-1,-1,0,0,0,0,-1,0,0,-1,0,1,0,[0|0|0|0|0|0|0|0]
20005370,Golem's Magic Arrow [AOW] Through and Through,5103870,5103001,5103002,5103003,3,30,0,0,12,0,175,5,-5,210,30,0,0,0.05,-1,0,0,0,0,0,0,0,-1,0,0,0,0,0,1,0,0,0,0,100,100,100,100,100,100,0,30,0,0,254,254,254,254,1,0,0,0,0,0,0,1,0,0,0,0,0,0,0,0,0,1,0,0,0,0,0,0,100,0,0,0,0,0,-1,0,0,0,0,0,0,0,0,1,0,0,0,0,0,0,0,0,-1,0,-1,0,0,-1,-1,-1,-1,0,0,0,0,-1,0,0,-1,0,1,0,[0|0|0|0|0|0|0|0]
20005450,Radahn's Spear [AOW] Rain of Arrows,5104850,5104001,-1,-1,0.3,0,0,0,0,0,122.5,0,0,122.5,35,0,0,0.02,-1,0,0,0,0,0,0,0,-1,0,0,0,0,0,1,0,0,0,0,90,90,90,90,100,100,89,0,0,0,254,254,254,254,1,0,0,0,0,0,0,1,0,0,0,0,0,0,0,0,0,1,0,0,0,0,0,0,90,0,0,0,0,0,-1,0,0,0,0,0,0,0,0,0,0,0,0,0,0,0,0,0,-1,0,-1,0,0,-1,-1,-1,-1,0,0,0,0,-1,0,0,-1,0,1,0,[0|0|0|0|0|0|0|0]
20005451,Radahn's Spear [AOW] Rain of Arrows,5199997,-1,-1,-1,0.05,86,0,0,0,0,0,0,0,0,0,0,0,0.1,-1,0,0,0,0.1,0,0,0,20005452,0,0,0,0,0,1,0,0,0,0,0,0,0,0,0,0,0,0,0,0,254,254,254,254,1,1,0,0,0,0,6,0,0,1,0,1,0,0,0,0,0,1,0,0,0,0,0,0,0,0,0,0,0,0,-1,0,0,0,0,0,0,0,0,0,0,0,0,0,0,0,0,0,-1,0,-1,0,0,-1,-1,-1,-1,0,0,0,0,-1,0,0,-1,0,1,0,[0|0|0|0|0|0|0|0]
20005452,Radahn's Spear [AOW] Rain of Arrows,1,-1,-1,-1,0.85,20,0,0,0,0,15,5,0,20,15,0,0,0.25,1.5,0.12,0,0,0.1,0,0,0,20005453,0,0,0,0,0,6,0,0,0,0,0,0,0,0,0,0,90,0,0,0,254,254,254,254,1,1,0,0,0,0,0,0,0,0,0,1,0,0,0,0,0,1,0,0,0,0,0,0,0,0,0,0,0,0,-1,0,0,0,0,0,0,0,0,0,0,0,0,0,0,0,0,0,-1,0,-1,0,0,-1,-1,-1,-1,0,0,0,0,-1,0,0,-1,0,1,0,[0|0|0|0|0|0|0|0]
20005454,Radahn's Spear [AOW] Rain of Arrows,5104850,5104001,5104002,5104003,1.1,0,0,0,0,0.5,80,0,0,80,80,0,0,0.05,1,0.2,0,0,0.1,0,0,0,-1,0,0,0,0,0,1,10,0,0,0,90,90,90,90,100,100,-90,0,0,0,254,254,254,254,0,0,0,0,0,0,0,1,0,0,0,1,0,0,0,0,0,1,0,0,0,0,0,0,90,0,0,0,60,30,-1,0,0,0,0,0,0,0,0,0,0,0,0,0,0,0,0,0,-1,0,-1,0,0,-1,-1,-1,-1,0,0,0,0,-1,0,0,-1,0,1,0,[0|0|0|0|0|0|0|0]
20005500,Bone Great Arrow (Fletched),5105300,5105001,5105002,5105003,3,30,0,0,12,0,175,5,-5,210,30,0,0,0.05,-1,0,0,0,0,0,0,0,-1,0,0,0,0,0,1,0,0,0,0,100,100,100,100,100,100,0,30,0,0,254,254,254,254,0,0,0,0,0,0,0,1,0,0,0,0,0,0,0,0,0,1,0,0,0,0,0,0,100,0,0,0,0,0,-1,0,0,0,0,0,0,0,0,0,0,0,0,0,0,0,0,0,-1,0,-1,0,0,-1,-1,-1,-1,0,0,0,0,-1,0,0,-1,0,1,0,[0|0|0|0|0|0|0|0]
20005550,Bone Great Arrow (Fletched) [AOW] Rain of Arrows,5105850,5105001,-1,-1,0.3,0,0,0,0,0,122.5,0,0,122.5,35,0,0,0.02,-1,0,0,0,0,0,0,0,-1,0,0,0,0,0,1,0,0,0,0,90,90,90,90,100,100,89,0,0,0,254,254,254,254,1,0,0,0,0,0,0,1,0,0,0,0,0,0,0,0,0,1,0,0,0,0,0,0,90,0,0,0,0,0,-1,0,0,0,0,0,0,0,0,0,0,0,0,0,0,0,0,0,-1,0,-1,0,0,-1,-1,-1,-1,0,0,0,0,-1,0,0,-1,0,1,0,[0|0|0|0|0|0|0|0]
20005551,Bone Great Arrow (Fletched) [AOW] Rain of Arrows,5199999,-1,-1,-1,0.05,86,0,0,0,0,0,0,0,0,0,0,0,0.1,-1,0,0,0,0.1,0,0,0,20005552,0,0,0,0,0,1,0,0,0,0,0,0,0,0,0,0,0,0,0,0,254,254,254,254,1,1,0,0,0,0,6,0,0,1,0,1,0,0,0,0,0,1,0,0,0,0,0,0,0,0,0,0,0,0,-1,0,0,0,0,0,0,0,0,0,0,0,0,0,0,0,0,0,-1,0,-1,0,0,-1,-1,-1,-1,0,0,0,0,-1,0,0,-1,0,1,0,[0|0|0|0|0|0|0|0]
20005552,Bone Great Arrow (Fletched) [AOW] Rain of Arrows,1,-1,-1,-1,0.85,20,0,0,0,0,15,5,0,20,15,0,0,0.25,1.5,0.12,0,0,0.1,0,0,0,20005553,0,0,0,0,0,6,0,0,0,0,0,0,0,0,0,0,90,0,0,0,254,254,254,254,1,1,0,0,0,0,0,0,0,0,0,1,0,0,0,0,0,1,0,0,0,0,0,0,0,0,0,0,0,0,-1,0,0,0,0,0,0,0,0,0,0,0,0,0,0,0,0,0,-1,0,-1,0,0,-1,-1,-1,-1,0,0,0,0,-1,0,0,-1,0,1,0,[0|0|0|0|0|0|0|0]
20005554,Bone Great Arrow (Fletched) [AOW] Rain of Arrows,5105850,5105001,5105002,5105003,1.1,0,0,0,0,0.5,80,0,0,80,80,0,0,0.05,1,0.2,0,0,0.1,0,0,0,-1,0,0,0,0,0,1,10,0,0,0,90,90,90,90,100,100,-90,0,0,0,254,254,254,254,0,0,0,0,0,0,0,1,0,0,0,1,0,0,0,0,0,1,0,0,0,0,0,0,90,0,0,0,60,30,-1,0,0,0,0,0,0,0,0,0,0,0,0,0,0,0,0,0,-1,0,-1,0,0,-1,-1,-1,-1,0,0,0,0,-1,0,0,-1,0,1,0,[0|0|0|0|0|0|0|0]
20005570,Bone Great Arrow (Fletched) [AOW] Through and Through,5105870,5105001,5105002,5105003,3,30,0,0,12,0,175,5,-5,210,30,0,0,0.05,-1,0,0,0,0,0,0,0,-1,0,0,0,0,0,1,0,0,0,0,100,100,100,100,100,100,0,30,0,0,254,254,254,254,1,0,0,0,0,0,0,1,0,0,0,0,0,0,0,0,0,1,0,0,0,0,0,0,100,0,0,0,0,0,-1,0,0,0,0,0,0,0,0,1,0,0,0,0,0,0,0,0,-1,0,-1,0,0,-1,-1,-1,-1,0,0,0,0,-1,0,0,-1,0,1,0,[0|0|0|0|0|0|0|0]
20005600,Bone Great Arrow,5106300,5106001,5106002,5106003,3,15,0,0,12,0,175,5,-5,210,30,0,0,0.05,-1,0,0,0,0,0,0,0,-1,0,0,0,0,0,1,0,0,0,0,100,100,100,100,100,100,0,30,0,0,254,254,254,254,0,0,0,0,0,0,0,1,0,0,0,0,0,0,0,0,0,1,0,0,0,0,0,0,100,0,0,0,0,0,-1,0,0,0,0,0,0,0,0,0,0,0,0,0,0,0,0,0,-1,0,-1,0,0,-1,-1,-1,-1,0,0,0,0,-1,0,0,-1,0,1,0,[0|0|0|0|0|0|0|0]
20005650,Bone Great Arrow [AOW] Rain of Arrows,5106850,5106001,-1,-1,0.3,0,0,0,0,0,122.5,0,0,122.5,35,0,0,0.02,-1,0,0,0,0,0,0,0,-1,0,0,0,0,0,1,0,0,0,0,90,90,90,90,100,100,89,0,0,0,254,254,254,254,1,0,0,0,0,0,0,1,0,0,0,0,0,0,0,0,0,1,0,0,0,0,0,0,90,0,0,0,0,0,-1,0,0,0,0,0,0,0,0,0,0,0,0,0,0,0,0,0,-1,0,-1,0,0,-1,-1,-1,-1,0,0,0,0,-1,0,0,-1,0,1,0,[0|0|0|0|0|0|0|0]
20005651,Bone Great Arrow [AOW] Rain of Arrows,5199999,-1,-1,-1,0.05,78,0,0,0,0,0,0,0,0,0,0,0,0.1,-1,0,0,0,0.1,0,0,0,20005652,0,0,0,0,0,1,0,0,0,0,0,0,0,0,0,0,0,0,0,0,254,254,254,254,1,1,0,0,0,0,6,0,0,1,0,1,0,0,0,0,0,1,0,0,0,0,0,0,0,0,0,0,0,0,-1,0,0,0,0,0,0,0,0,0,0,0,0,0,0,0,0,0,-1,0,-1,0,0,-1,-1,-1,-1,0,0,0,0,-1,0,0,-1,0,1,0,[0|0|0|0|0|0|0|0]
20005652,Bone Great Arrow [AOW] Rain of Arrows,1,-1,-1,-1,0.85,20,0,0,0,0,15,5,0,20,15,0,0,0.25,1.5,0.12,0,0,0.1,0,0,0,20005653,0,0,0,0,0,6,0,0,0,0,0,0,0,0,0,0,90,0,0,0,254,254,254,254,1,1,0,0,0,0,0,0,0,0,0,1,0,0,0,0,0,1,0,0,0,0,0,0,0,0,0,0,0,0,-1,0,0,0,0,0,0,0,0,0,0,0,0,0,0,0,0,0,-1,0,-1,0,0,-1,-1,-1,-1,0,0,0,0,-1,0,0,-1,0,1,0,[0|0|0|0|0|0|0|0]
20005654,Bone Great Arrow [AOW] Rain of Arrows,5106850,5106001,5106002,5106003,1.1,0,0,0,0,0.5,80,0,0,80,80,0,0,0.05,1,0.2,0,0,0.1,0,0,0,-1,0,0,0,0,0,1,10,0,0,0,90,90,90,90,100,100,-90,0,0,0,254,254,254,254,0,0,0,0,0,0,0,1,0,0,0,1,0,0,0,0,0,1,0,0,0,0,0,0,90,0,0,0,60,30,-1,0,0,0,0,0,0,0,0,0,0,0,0,0,0,0,0,0,-1,0,-1,0,0,-1,-1,-1,-1,0,0,0,0,-1,0,0,-1,0,1,0,[0|0|0|0|0|0|0|0]
20005670,Bone Great Arrow [AOW] Through and Through,5106870,5106001,5106002,5106003,3,15,0,0,12,0,175,5,-5,210,30,0,0,0.05,-1,0,0,0,0,0,0,0,-1,0,0,0,0,0,1,0,0,0,0,100,100,100,100,100,100,0,30,0,0,254,254,254,254,1,0,0,0,0,0,0,1,0,0,0,0,0,0,0,0,0,1,0,0,0,0,0,0,100,0,0,0,0,0,-1,0,0,0,0,0,0,0,0,1,0,0,0,0,0,0,0,0,-1,0,-1,0,0,-1,-1,-1,-1,0,0,0,0,-1,0,0,-1,0,1,0,[0|0|0|0|0|0|0|0]
20007000,Bolt,5200300,5200001,5200002,5200003,3,40,0,0,4,0,105,5,-5,140,30,0,0,0.02,-1,0,0,0,0,0,0,0,-1,0,0,0,0,0,1,0,0,0,0,100,100,100,100,100,100,0,30,0,0,254,254,254,254,0,0,0,0,0,0,0,1,0,0,0,0,0,0,0,1,0,1,0,0,0,0,0,0,100,0,0,0,0,0,-1,0,0,0,0,0,0,0,0,0,0,0,0,0,0,0,0,0,-1,0,-1,0,0,-1,-1,-1,-1,0,0,0,0,-1,0,0,-1,0,1,0,[0|0|0|0|0|0|0|0]
20007100,Lightning Bolt,5201300,5201001,-1,5201003,3,40,0,0,4,0,105,5,-5,140,30,0,0,0.02,-1,0,0,0,2,0,0,0,20007101,0,0,0,0,0,1,0,0,0,0,100,100,100,100,100,100,0,30,0,0,254,254,254,254,0,0,0,0,0,0,0,1,0,0,0,1,0,0,0,1,0,1,0,0,0,0,0,0,100,0,0,0,0,0,-1,0,0,0,0,0,0,0,0,0,0,0,0,0,0,0,0,0,-1,0,-1,0,0,-1,-1,-1,-1,0,0,0,0,-1,0,0,-1,0,1,0,[0|0|0|0|0|0|0|0]
20007200,Perfumer's Bolt,5202300,5202001,5202002,5202003,3,40,0,0,4,0,105,5,-5,140,30,0,0,0.02,-1,0,0,0,2,0,0,0,20007201,0,0,0,0,0,1,0,0,0,0,100,100,100,100,100,100,0,30,0,0,254,254,254,254,0,0,0,0,0,0,0,1,0,0,0,1,0,0,0,1,0,1,0,0,0,0,0,0,100,0,0,0,0,0,-1,0,0,0,0,0,0,0,0,0,0,0,0,0,0,0,0,0,-1,0,-1,0,0,-1,-1,-1,-1,0,0,0,0,-1,0,0,-1,0,1,0,[0|0|0|0|0|0|0|0]
20007300,Black-Key Bolt,5203300,5203001,5203002,5203003,3,40,0,0,4,0,105,5,-5,140,30,0,0,0.02,-1,0,0,0,0,0,0,0,-1,0,0,0,0,0,1,0,0,0,0,100,100,100,100,100,100,0,30,0,0,254,254,254,254,0,0,0,0,0,0,0,1,0,0,0,0,0,0,0,1,0,1,0,0,0,0,0,0,100,0,0,0,0,0,-1,0,0,0,0,0,0,0,0,0,0,0,0,0,0,0,0,0,-1,0,-1,0,0,-1,-1,-1,-1,0,0,0,0,-1,0,0,-1,0,1,0,[0|0|0|0|0|0|0|0]
20007400,Burred Bolt,5204300,5204001,5204002,5204003,3,40,0,0,4,0,105,5,-5,140,30,0,0,0.02,-1,0,0,0,0,0,0,0,-1,0,0,0,0,0,1,0,0,0,0,100,100,100,100,100,100,0,30,0,0,254,254,254,254,0,0,0,0,0,0,0,1,0,0,0,0,0,0,0,1,0,1,0,0,0,0,0,0,100,0,0,0,0,0,-1,0,0,0,0,0,0,0,0,0,0,0,0,0,0,0,0,0,-1,0,-1,0,0,-1,-1,-1,-1,0,0,0,0,-1,0,0,-1,0,1,0,[0|0|0|0|0|0|0|0]
20007500,Meteor Bolt,5205300,5205001,5205002,5205003,3,40,0,0,4,0,105,5,-5,140,30,0,0,0.02,-1,0,0,0,0,0,0,0,-1,0,0,0,0,0,1,0,0,0,0,100,100,100,100,100,100,0,30,0,0,254,254,254,254,0,0,0,0,0,0,0,1,0,0,0,0,0,0,0,1,0,1,0,0,0,0,0,0,100,0,0,0,0,0,-1,0,0,0,0,0,0,0,0,0,0,0,0,0,0,0,0,0,-1,0,-1,0,0,-1,-1,-1,-1,0,0,0,0,-1,0,0,-1,0,1,0,[0|0|0|0|0|0|0|0]
20007600,Explosive Bolt,5206300,5206001,5206002,5206003,3,40,0,0,4,0,105,5,-5,140,30,0,0,0.02,-1,0,0,0,2,0,0,0,20007601,0,0,0,0,0,1,0,0,0,0,100,100,100,100,100,100,0,30,0,0,254,254,254,254,0,0,0,0,0,0,0,1,0,0,0,1,0,0,0,1,0,1,0,0,0,0,0,0,100,0,0,0,0,0,-1,0,0,0,0,0,0,0,0,0,0,0,0,0,0,0,0,0,-1,0,-1,0,0,-1,-1,-1,-1,0,0,0,0,-1,0,0,-1,0,1,0,[0|0|0|0|0|0|0|0]
20007700,Golden Bolt,5207300,5207001,5207002,5207003,3,40,0,0,4,0,105,5,-5,140,30,0,0,0.02,-1,0,0,0,0,0,0,0,-1,0,0,0,0,0,1,0,0,0,0,100,100,100,100,100,100,0,30,0,0,254,254,254,254,0,0,0,0,0,0,0,1,0,0,0,0,0,0,0,1,0,1,0,0,0,0,0,0,100,0,0,0,0,0,-1,0,0,0,0,0,0,0,0,0,0,0,0,0,0,0,0,0,-1,0,-1,0,0,-1,-1,-1,-1,0,0,0,0,-1,0,0,-1,0,1,0,[0|0|0|0|0|0|0|0]
20007800,Lordsworn's Bolt,5208300,5208001,5208002,5208003,3,40,0,0,4,0,105,5,-5,140,30,0,0,0.02,-1,0,0,0,0,0,0,0,-1,0,0,0,0,0,1,0,0,0,0,100,100,100,100,100,100,0,30,0,0,254,254,254,254,0,0,0,0,0,0,0,1,0,0,0,0,0,0,0,1,0,1,0,0,0,0,0,0,100,0,0,0,0,0,-1,0,0,0,0,0,0,0,0,0,0,0,0,0,0,0,0,0,-1,0,-1,0,0,-1,-1,-1,-1,0,0,0,0,-1,0,0,-1,0,1,0,[0|0|0|0|0|0|0|0]
20007900,Bone Bolt,5209300,5209001,5209002,5209003,3,12,0,0,4,0,105,5,-5,140,30,0,0,0.02,-1,0,0,0,0,0,0,0,-1,0,0,0,0,0,1,0,0,0,0,100,100,100,100,100,100,0,30,0,0,254,254,254,254,0,0,0,0,0,0,0,1,0,0,0,0,0,0,0,1,0,1,0,0,0,0,0,0,100,0,0,0,0,0,-1,0,0,0,0,0,0,0,0,0,0,0,0,0,0,0,0,0,-1,0,-1,0,0,-1,-1,-1,-1,0,0,0,0,-1,0,0,-1,0,1,0,[0|0|0|0|0|0|0|0]
20008000,Firebone Bolt,5210300,5210001,5210002,5210003,3,12,0,0,4,0,105,5,-5,140,30,0,0,0.02,-1,0,0,0,0,0,0,0,-1,0,0,0,0,0,1,0,0,0,0,100,100,100,100,100,100,0,30,0,0,254,254,254,254,0,0,0,0,0,0,0,1,0,0,0,0,0,0,0,1,0,1,0,0,0,0,0,0,100,0,0,0,0,0,-1,0,0,0,0,0,0,0,0,0,0,0,0,0,0,0,0,0,-1,0,-1,0,0,-1,-1,-1,-1,0,0,0,0,-1,0,0,-1,0,1,0,[0|0|0|0|0|0|0|0]
20008100,Lightningbone Bolt,5211300,5211001,5211002,5211003,3,12,0,0,4,0,105,5,-5,140,30,0,0,0.02,-1,0,0,0,0,0,0,0,20008190,0,0,0,0,0,1,0,0,0,0,100,100,100,100,100,100,0,30,0,0,254,254,254,254,0,0,0,0,2,0,0,1,0,0,0,0,0,0,0,1,0,1,0,0,0,0,0,0,100,0,0,0,0,0,-1,0,0,0,0,0,0,0,0,0,0,0,0,0,0,0,0,0,-1,0,-1,0,0,-1,-1,-1,-1,0,0,0,0,-1,0,0,-1,0,1,0,[0|0|0|0|0|0|0|0]
20008200,Magicbone Bolt,5212300,5212001,5212002,5212003,3,12,0,0,4,0,105,5,-5,140,30,0,0,0.02,-1,0,0,0,0,0,0,0,-1,0,0,0,0,0,1,0,0,0,0,100,100,100,100,100,100,0,30,0,0,254,254,254,254,0,0,0,0,0,0,0,1,0,0,0,0,0,0,0,1,0,1,0,0,0,0,0,0,100,0,0,0,0,0,-1,0,0,0,0,0,0,0,0,0,0,0,0,0,0,0,0,0,-1,0,-1,0,0,-1,-1,-1,-1,0,0,0,0,-1,0,0,-1,0,1,0,[0|0|0|0|0|0|0|0]
20008300,Haligbone Bolt,5213300,5213001,5213002,5213003,3,12,0,0,4,0,105,5,-5,140,30,0,0,0.02,-1,0,0,0,0,0,0,0,-1,0,0,0,0,0,1,0,0,0,0,100,100,100,100,100,100,0,30,0,0,254,254,254,254,0,0,0,0,0,0,0,1,0,0,0,0,0,0,0,1,0,1,0,0,0,0,0,0,100,0,0,0,0,0,-1,0,0,0,0,0,0,0,0,0,0,0,0,0,0,0,0,0,-1,0,-1,0,0,-1,-1,-1,-1,0,0,0,0,-1,0,0,-1,0,1,0,[0|0|0|0|0|0|0|0]
20008400,Poisonbone Bolt,5214300,5214001,5214002,5214003,3,12,0,0,4,0,105,5,-5,140,30,0,0,0.02,-1,0,0,0,0,0,0,0,-1,0,0,0,0,0,1,0,0,0,0,100,100,100,100,100,100,0,30,0,0,254,254,254,254,0,0,0,0,0,0,0,1,0,0,0,0,0,0,0,1,0,1,0,0,0,0,0,0,100,0,0,0,0,0,-1,0,0,0,0,0,0,0,0,0,0,0,0,0,0,0,0,0,-1,0,-1,0,0,-1,-1,-1,-1,0,0,0,0,-1,0,0,-1,0,1,0,[0|0|0|0|0|0|0|0]
20008500,Bloodbone Bolt,5215300,5215001,5215002,5215003,3,12,0,0,4,0,105,5,-5,140,30,0,0,0.02,-1,0,0,0,0,0,0,0,-1,0,0,0,0,0,1,0,0,0,0,100,100,100,100,100,100,0,30,0,0,254,254,254,254,0,0,0,0,0,0,0,1,0,0,0,0,0,0,0,1,0,1,0,0,0,0,0,0,100,0,0,0,0,0,-1,0,0,0,0,0,0,0,0,0,0,0,0,0,0,0,0,0,-1,0,-1,0,0,-1,-1,-1,-1,0,0,0,0,-1,0,0,-1,0,1,0,[0|0|0|0|0|0|0|0]
20008600,Coldbone Bolt,5216300,5216001,5216002,5216003,3,12,0,0,4,0,105,5,-5,140,30,0,0,0.02,-1,0,0,0,0,0,0,0,-1,0,0,0,0,0,1,0,0,0,0,100,100,100,100,100,100,0,30,0,0,254,254,254,254,0,0,0,0,0,0,0,1,0,0,0,0,0,0,0,1,0,1,0,0,0,0,0,0,100,0,0,0,0,0,-1,0,0,0,0,0,0,0,0,0,0,0,0,0,0,0,0,0,-1,0,-1,0,0,-1,-1,-1,-1,0,0,0,0,-1,0,0,-1,0,1,0,[0|0|0|0|0|0|0|0]
20008700,Rotbone Bolt,5217300,5217001,5217002,5217003,3,12,0,0,4,0,105,5,-5,140,30,0,0,0.02,-1,0,0,0,0,0,0,0,-1,0,0,0,0,0,1,0,0,0,0,100,100,100,100,100,100,0,30,0,0,254,254,254,254,0,0,0,0,0,0,0,1,0,0,0,0,0,0,0,1,0,1,0,0,0,0,0,0,100,0,0,0,0,0,-1,0,0,0,0,0,0,0,0,0,0,0,0,0,0,0,0,0,-1,0,-1,0,0,-1,-1,-1,-1,0,0,0,0,-1,0,0,-1,0,1,0,[0|0|0|0|0|0|0|0]
20008800,Sleepbone Bolt,5218300,5218001,5218002,5218003,3,12,0,0,4,0,105,5,-5,140,30,0,0,0.02,-1,0,0,0,0,0,0,0,-1,0,0,0,0,0,1,0,0,0,0,100,100,100,100,100,100,0,30,0,0,254,254,254,254,0,0,0,0,0,0,0,1,0,0,0,0,0,0,0,1,0,1,0,0,0,0,0,0,100,0,0,0,0,0,-1,0,0,0,0,0,0,0,0,0,0,0,0,0,0,0,0,0,-1,0,-1,0,0,-1,-1,-1,-1,0,0,0,0,-1,0,0,-1,0,1,0,[0|0|0|0|0|0|0|0]
20008900,Flaming Bolt,5219300,5219001,5219002,5219003,3,40,0,0,4,0,105,5,-5,140,30,0,0,0.02,-1,0,0,0,0,0,0,0,-1,0,0,0,0,0,1,0,0,0,0,100,100,100,100,100,100,0,30,0,0,254,254,254,254,0,0,0,0,0,0,0,1,0,0,0,0,0,0,0,1,0,1,0,0,0,0,0,0,100,0,0,0,0,0,-1,0,0,0,0,0,0,0,0,0,0,0,0,0,0,0,0,0,-1,0,-1,0,0,-1,-1,-1,-1,0,0,0,0,-1,0,0,-1,0,1,0,[0|0|0|0|0|0|0|0]
20009000,Ballista Bolt,5300300,5300001,5300002,5300003,3,30,0,0,12,0,175,5,-5,210,30,0,0,0.02,-1,0,0,0,0,0,0,0,-1,0,0,0,0,0,1,0,0,0,0,100,100,100,100,100,100,0,10,0,0,254,254,254,254,1,1,0,0,0,0,0,1,0,0,0,0,0,0,0,0,0,1,0,0,0,0,0,0,100,0,0,0,0,0,-1,0,0,0,0,0,0,0,0,1,0,0,0,0,0,0,0,0,-1,0,-1,0,0,-1,-1,-1,-1,0,0,0,0,-1,0,0,-1,0,1,0,[0|0|0|0|0|0|0|0]
20009100,Lightning Greatbolt,5301300,5301001,-1,5301003,3,30,0,0,12,0,175,5,-5,210,30,0,0,0.02,-1,0,0,0,2,0,0,0,20009101,0,0,0,0,0,1,0,0,0,0,100,100,100,100,100,100,0,10,0,0,254,254,254,254,0,0,0,0,0,0,0,1,0,0,0,1,0,0,0,0,0,1,0,0,0,0,0,0,100,0,0,0,0,0,-1,0,0,0,0,0,0,0,0,0,0,0,0,0,0,0,0,0,-1,0,-1,0,0,-1,-1,-1,-1,0,0,0,0,-1,0,0,-1,0,1,0,[0|0|0|0|0|0|0|0]
20009200,Explosive Greatbolt,5302300,5302001,5302002,5302003,3,30,0,0,12,0,175,5,-5,210,30,0,0,0.02,-1,0,0,0,2,0,0,0,20009201,0,0,0,0,0,1,0,0,0,0,100,100,100,100,100,100,0,10,0,0,254,254,254,254,0,1,0,0,0,0,0,1,0,0,0,1,0,0,0,0,0,1,0,0,0,0,0,0,100,0,0,0,0,0,-1,0,0,0,0,0,0,0,0,0,0,0,0,0,0,0,0,0,-1,0,-1,0,0,-1,-1,-1,-1,0,0,0,0,-1,0,0,-1,0,1,0,[0|0|0|0|0|0|0|0]
20009300,Bone Ballista Bolt,5303300,5303001,5303002,5303003,3,15,0,0,12,0,175,5,-5,210,30,0,0,0.02,-1,0,0,0,0,0,0,0,-1,0,0,0,0,0,1,0,0,0,0,100,100,100,100,100,100,0,10,0,0,254,254,254,254,1,1,0,0,0,0,0,1,0,0,0,0,0,0,0,0,0,1,0,0,0,0,0,0,100,0,0,0,0,0,-1,0,0,0,0,0,0,0,0,1,0,0,0,0,0,0,0,0,-1,0,-1,0,0,-1,-1,-1,-1,0,0,0,0,-1,0,0,-1,0,1,0,[0|0|0|0|0|0|0|0]
